design_id,gamma,local_mixing,contact_scale,sick_contact_multiplier,sick_mobility_multiplier,seed_infections_per_week,initial_exposed_per_case,initial_infectious_per_case,seasonal_amplitude,seasonal_peak_week,seasonal_period_weeks,beta_0,sigma,eta,nu,delta,phi,mu,psi,reporting_rate,sh_noise_multiplier,noise_scale,dt
0,0.07674974166650317,0.39750964271994627,0.15551529032127812,0.7764885317945229,0.15884883447632478,5.0852991492363415,2.3888053210426463,0.5995645801634794,0.5391117631533962,13.715641150352416,52.20264126127982,4.8746082278751355e-05,0.07397114189426757,2.8383192397934338e-05,0.002546834614085305,0.0008564075093371471,0.13700700472647986,8.86459786818788,0.3876644550013192,0.983608774345345,0.9596648034524522,0.03222841107182768,0.01662824601642417
1,0.06133377748868511,0.40836847698537476,0.15285597231860343,0.6084246289490861,0.1666307240846988,4.912280644285239,1.645636977814559,0.30924578528413627,0.5112505144701401,12.444759861815545,51.5468363904181,5.071533766333159e-05,0.10257369173239118,3.160742026850808e-05,0.003306620376668753,0.0008503265265329209,0.10382868536718172,9.081441943517211,0.29992424209724755,0.8105172805272934,0.9796042476442426,0.03556253181469706,0.01838577662728375
2,0.06930609129915002,0.445890220628232,0.1270362604579735,0.5596918621574097,0.14062528688808276,6.070012366816925,2.0307790837019835,0.4991060648037726,0.48818679435673484,12.525829013533837,51.60879300462923,5.2529327907478634e-05,0.10787030881747475,2.3263887590080228e-05,0.0031355972640298327,0.0009438636248698143,0.10175997664649933,11.801757552444968,0.2896456882256801,0.8320610505145554,0.9855468410878556,0.028080262020399902,0.021904409114977555
3,0.06788954202313527,0.3944137255927627,0.16262952777831968,0.6491663973551912,0.11487741269279278,4.5383051728576245,2.224448299591398,0.6102245817829699,0.6210598713961284,13.50347187329837,52.102930294796835,4.428509262405986e-05,0.09384837019357715,3.175997266468212e-05,0.0028558594288958863,0.0009980521299236432,0.13222834169727354,10.522494264354691,0.371616861323213,0.8859175580801246,0.8354845693037365,0.029583428894284912,0.023412719383450048
4,0.07589312611275631,0.3666086645508817,0.1507424909207396,0.6034999711450103,0.122736219549753,5.4287950425765565,2.295718925461174,0.45293640355295495,0.5353363900387038,15.122234920093138,50.06007817581549,4.785167239862355e-05,0.08064701105837692,2.6820892046291825e-05,0.0031799232206794984,0.0009322035747518801,0.11187153830247913,10.407471705601886,0.38217613300784625,0.850168095221231,0.9252630190058255,0.030470776103144137,0.022537511218852557
5,0.0789020538072063,0.42661031202773425,0.172707866246882,0.7896227126474868,0.14965529959598928,5.520909429494013,1.621518428179836,0.32762290312896125,0.4895149295317309,13.129687519021882,52.3941728246666,4.091462917858887e-05,0.1072371369993427,2.8876075204768468e-05,0.0032722634781686567,0.0007405839140991128,0.13438905492847214,9.374752221837985,0.28098609339021857,0.9882845447120001,0.9116338236369641,0.03518757532208892,0.01745061457933542
6,0.07862916189291691,0.3551272325543733,0.14688895896836196,0.7347057918214049,0.12611184131895198,4.67270473806489,2.282356292036429,0.4268706101870543,0.5198428493557167,12.354860060561673,50.56153464563464,5.2327112579014174e-05,0.0825357755257242,2.9375365103635227e-05,0.00345048474161156,0.0009658560481400891,0.14051762446653493,10.934490217267772,0.27480850590600303,0.822031649232159,0.8435480876400226,0.029997617463131017,0.02057562614626823
7,0.07212502072776884,0.30516601953731337,0.1721912562631997,0.6100419913733302,0.13128779458215,5.508517864633464,1.9448714518252848,0.25813262479860233,0.5932183767026759,12.471726728992849,53.700187608581736,5.379732333252773e-05,0.07299105520830221,2.5940729564266176e-05,0.002864575607544318,0.0010720886266669847,0.1341570686653967,10.962100362499289,0.3415994684878473,0.9945346264901365,0.9978157955109633,0.030467234381352987,0.01691997535997519
8,0.07225458993232844,0.4488452652548476,0.1337119649230068,0.6286744173601804,0.14517405449304976,5.802193975101865,1.741065521067835,0.45627888001628103,0.710347372320761,14.774874784072011,52.01247889347498,5.125174952424531e-05,0.0774991257208791,2.5515162009963383e-05,0.0033187889946721077,0.0010452081467291524,0.1364541355654483,11.30195024048181,0.3688059930960091,0.9901468884398924,0.9824437867617775,0.030926310085758333,0.0218200105981814
9,0.07139720878676092,0.3079597491369339,0.12761876595436092,0.5853800736145992,0.14447118430407832,6.128404625738148,1.9976366719515042,0.479763496155195,0.6032407803912224,13.21925411409459,51.780315565643434,4.959557465477851e-05,0.10628891844942102,2.5094340139056647e-05,0.0030250314164438703,0.0009945165447705533,0.12208254101253324,9.932236557425353,0.3181272684324087,0.8655929273563631,0.9461780639051066,0.030022305606362258,0.017255694860586583
10,0.06745245476473419,0.39325314582854953,0.13028763350648062,0.6220292262605145,0.1591278970263058,5.187746578380395,2.1888926410161154,0.40805742433761394,0.6519307556828203,16.08003040455466,51.58259899929135,4.850852853735011e-05,0.10416036508238724,3.238390334368579e-05,0.0033094988723773146,0.0009281866780793779,0.1087410273999999,10.046196518908516,0.38404138396016324,0.9754925894309134,0.8970828733890078,0.03199428096701812,0.023003606867641413
11,0.07121107249843761,0.42684866577355685,0.15218508955095705,0.6709376698274223,0.13949820130295754,6.134672201797728,1.8980392346276505,0.38361782564748703,0.5455256456264128,14.533631413220688,51.30149883452511,4.350502198725805e-05,0.09107917617732647,2.4129899152002537e-05,0.0035974019192001735,0.0007753149508228971,0.10650812922070382,8.891604101506767,0.35216000045170814,0.9026032189213563,0.8482740755101699,0.035747993997366403,0.016382309665163877
12,0.06820206075979884,0.3622718182566886,0.18039239836591392,0.6300542122546494,0.15779807889062386,4.955466221975461,1.9753763723792845,0.3923617985975778,0.716018745882216,12.27762161444887,50.703301268707094,5.299593572017955e-05,0.09701937348678875,2.3726640404330005e-05,0.002681670973847314,0.0010050401860338947,0.14017398779821527,11.666379143114415,0.3763325679683153,0.9114870219055674,0.9287300804884008,0.029886101896167503,0.019419290138347582
13,0.0735530637777155,0.3861921606722899,0.12838016020075618,0.6821864351137118,0.15268690630482507,6.013672978757478,1.9811879644153536,0.2868950597473022,0.5825718996795193,12.867646543055285,50.892847653335714,4.403576996202137e-05,0.09234459378263492,2.3875000804361898e-05,0.003435348273856647,0.0007814959532460472,0.1368104180593843,11.62417867704385,0.3001231956360664,0.9586980115473053,0.8195767164116936,0.03388466512508472,0.0162026607282967
14,0.07612881620262688,0.3307774395048215,0.16101661432108363,0.6400965900624073,0.15021977505302422,5.388566505134667,2.230952526580632,0.4183945768922372,0.7011529406709281,15.706723253634634,51.78384414439326,4.142124527838605e-05,0.07478880591289384,3.200570963259122e-05,0.003518355971696631,0.0008735623425099308,0.09793518347773993,10.1507834584305,0.36681662477103155,0.8733401725160611,0.9307832644583421,0.031015661958052904,0.018101890133857133
15,0.07027153378646407,0.3248796593350797,0.18750087873845522,0.6126335935359516,0.11373038171926617,5.144579646350049,2.035515464463566,0.36429664425989944,0.6973283098737472,13.624098791048077,52.4622175578693,5.020570824518606e-05,0.08806737177141524,3.0012321774541396e-05,0.0034046842761163935,0.0008791075444500802,0.10304090635801468,9.655410575987169,0.2928204540351435,0.9454799360201713,0.9002805276843582,0.03264312426787781,0.017190974932205814
16,0.0748169709021136,0.4398674799076999,0.15489502583305487,0.7222885443862707,0.11910350285872946,5.904951287554732,1.7357903707342983,0.48860761292002547,0.5506911258282408,15.858014710694965,50.177391538997526,4.374014845960302e-05,0.09462228845843353,2.9583839668215747e-05,0.0031657473014570997,0.0007771998147162755,0.14177473279747133,10.29643586632854,0.335289984298098,0.8803120229794883,0.9488570388972597,0.032949323822454316,0.016579628453015253
17,0.06506485930794412,0.37834493227278154,0.13413604326891562,0.613965684663147,0.12467552390777809,4.642426294420964,1.9646990306917438,0.24491525300435688,0.7057747502284332,12.729960046824392,53.85744113523926,4.933517761837735e-05,0.0988981460823993,3.078310976092242e-05,0.002958400173179215,0.0009202009293165433,0.12350297576241179,10.011374322298805,0.30678957812676166,0.8024148259557619,0.8609979136500961,0.02670079978368742,0.020109468715739924
18,0.0742924957247682,0.41603793423638463,0.15592826295133738,0.6394472522100059,0.15295346930002052,4.86523089404068,2.377669426353874,0.4377381020555253,0.6288887057059924,11.046787054602486,52.9473723174324,4.005519838003918e-05,0.0902965419828302,2.881773565515926e-05,0.0032544366639995284,0.0008388196850877385,0.1205167162799578,9.664139787098026,0.39796674899494056,0.9043314503462572,0.979725995358314,0.02403753454306899,0.019774206951920614
19,0.06945347473243099,0.3612601361806786,0.14013161287842088,0.712466215795432,0.11582549550056194,4.308550226291484,2.078060596586536,0.33540708941631475,0.5963904655244004,11.012804501183997,50.782641442606334,3.9619871255916914e-05,0.09441005054786014,2.9862134498999262e-05,0.0027590802079091236,0.0009359681109805882,0.11497322366224268,11.52800982240003,0.28717494032320545,0.8283470949146495,0.8796135841417075,0.02632843661604135,0.023719417456641755
20,0.06444858475178866,0.3039923462809464,0.15198506243901314,0.7505105113559586,0.12748652217185663,6.189577449742384,2.096088852720101,0.3568596191422708,0.5096557624251141,15.936732302856136,50.52721353829412,4.806333962789095e-05,0.08526515243869359,2.900611592917925e-05,0.0035097896006366864,0.001062239252963411,0.1043822431403049,8.122613407880824,0.3119993394264545,0.9543757858507463,0.8729868626275992,0.027837033577652825,0.02346150138119462
21,0.07750343118497026,0.4007005859552814,0.12687998398122086,0.6748268695423807,0.1455833217787541,6.02206328793283,1.8193401911007787,0.4699666779273353,0.5064219757868492,10.992804809374322,53.072125063217285,4.677927937946226e-05,0.08511989071513855,3.218701818457488e-05,0.0025895149119770887,0.0008985672977334831,0.1159619218459124,9.594904368227594,0.3775661918950828,0.9700413042131036,0.8750696354120369,0.03419709074179312,0.01652243884629877
22,0.0589988035367404,0.3483353927376837,0.15398102114828954,0.531048213635937,0.1491418530687949,5.8987735787605455,1.6662053330670457,0.5448178863137341,0.4873109265488706,10.832870771249793,53.34570776554591,4.1980929231452e-05,0.07928412360512063,2.6167434870124e-05,0.0027693703781423024,0.0009871824630675158,0.11807215879020486,11.754023358892871,0.34651024490467663,0.8889725925559445,0.8922978449493262,0.031484502881662504,0.01794331477466999
23,0.06383489341934216,0.4355062477844628,0.18373077577112018,0.7406888556887317,0.15322142013835965,5.83991874190196,1.8011590544609544,0.31715200687939815,0.6857598916690588,13.730802365332991,52.55204262585498,5.1844774796783054e-05,0.08691401823861084,2.4844616248895075e-05,0.0029095517918998406,0.0009007677453356535,0.1307935411925315,8.407084200231361,0.3737449593777805,0.8138343643780934,0.9351698177039536,0.025805329514364813,0.02145821688756635
24,0.07658824076148085,0.3536407121519464,0.18613852961021513,0.7231779179512692,0.1636406653182706,5.011682580273057,2.2384228098732812,0.3504621958376395,0.6444998752747663,13.813348401583246,53.42102136370838,4.905016046826316e-05,0.08662947696018984,2.6550784067105287e-05,0.002939532194157173,0.0009191145186595427,0.13787046959877064,8.362022865561059,0.287883053438037,0.8975020682803648,0.8467076491320612,0.02883644745203883,0.016985552805178744
25,0.07264132096827168,0.3488754061493873,0.16378225576002964,0.5757234009751017,0.12143449564337178,4.2489174532821075,2.1857930009411515,0.5110111371135075,0.6261292188781092,14.713729034057675,53.92683400309389,5.489904689313437e-05,0.07942288672896601,2.4614679164572196e-05,0.0026550393368390654,0.0009279307904537629,0.11568236760613382,8.829208423212028,0.3439268772392757,0.8897493876954599,0.8911649008856887,0.024162701504895887,0.02079148949729317
26,0.07564335959805939,0.3766713144894597,0.1511464686986557,0.6791800953514329,0.11512292066615623,4.412619372478606,2.208691634125443,0.5239708237768667,0.5009557188334476,11.864747536469674,51.36055919049142,4.719602872474928e-05,0.07515043612153641,2.2880870395164835e-05,0.0031046260762897645,0.0007943030559163002,0.11947371159749828,11.184424364352932,0.3545150778131013,0.8307151280098152,0.9034320222988766,0.02646558474282066,0.018538090689513193
27,0.07000962160811415,0.3958191578618313,0.17647408065561443,0.7657887551140068,0.11185616476311232,4.689874626415086,1.6548919932455892,0.3660582107519719,0.5428420275127845,14.644560279954543,53.32623473006647,3.925732670723709e-05,0.08640132241600595,2.4518193038667165e-05,0.0030961487532950873,0.0009698901683814483,0.13569778249261633,8.980525407924077,0.2680944258040422,0.8278374744680045,0.9652930409986019,0.02849020147311358,0.020048901773364863
28,0.07780089629800006,0.38492169452978037,0.14966509819973514,0.5960520740195966,0.1566920441889305,5.945988640080571,1.8367178656255807,0.534803638422951,0.6581308953991157,15.584107308777938,53.289977796912254,4.2654684940946e-05,0.07628036916725581,3.210340928553616e-05,0.002663121208728395,0.0008303240295416221,0.11359875581747247,9.830783713660308,0.38999232184199184,0.8673624931664365,0.9080508148270525,0.027884168305571153,0.016182870314692746
29,0.07350107671681971,0.326817789482506,0.1662608263018956,0.5813782656685225,0.12072224551419716,6.03926872666305,1.8603901243394743,0.6234680201816284,0.6816527727608267,12.178777025632414,51.05405943009739,3.751163587501637e-05,0.08728790552158469,2.2745027961443968e-05,0.002972868475021944,0.0010119100667623213,0.10217164564769096,9.329343735693604,0.34016664584942674,0.8615188143200684,0.8772209800561432,0.024876305090137024,0.023880172173935964
30,0.07515954963445037,0.4175544700570435,0.16325086555959384,0.677159159080803,0.12402174179586056,5.358767885144812,2.2144473850551476,0.41286249011902576,0.5491055597448731,13.279434585279882,53.744473192035755,3.9349657582639246e-05,0.0963646940202921,3.0425298348682555e-05,0.003504579196098607,0.001002465252155297,0.11544448881831493,11.535325680221636,0.3370016760731115,0.9346894571669608,0.9208939942713048,0.028237137886127035,0.022946243582440663
31,0.07390269610099479,0.35800263767956053,0.1884651807322369,0.6642182574929694,0.1255076120535621,4.8788201507931594,1.9510876364967293,0.5826847991600224,0.58104304088712,14.181959458754866,52.60294519676758,4.5630405019705533e-05,0.10199811191158145,2.5667602717062576e-05,0.0026963026296235684,0.0008113750842078893,0.12729771062826534,11.03362149678932,0.3309803134017153,0.8585492776183344,0.9526379671446452,0.03373833856316594,0.01962535352701181
32,0.062453208984409696,0.3919510811428918,0.17547434523489758,0.6691369740475961,0.11695756830913609,4.894771981847804,1.7848895241100813,0.5590809733433932,0.627637365341692,13.790660892759623,50.35395853353758,4.181389913789629e-05,0.10657618394258841,2.7240577024217822e-05,0.0027002943418767307,0.0007962792057654427,0.11215426805991247,8.006722013601015,0.30356156804625817,0.8338798957650685,0.8073487520851893,0.03348091461826796,0.02199371511807674
33,0.07742395807994691,0.4514584739430632,0.17759274668056232,0.753667561630378,0.13296853180599538,5.461463304406228,2.275904494984682,0.34898991538095164,0.5885045294009764,15.67347196090909,53.63280520877616,3.832225122518258e-05,0.10521983123652706,2.9050363733991702e-05,0.0024021241689874255,0.0010221748807226962,0.13984146632780828,10.366679407544115,0.3332524631026708,0.9658522135844667,0.8205508450692055,0.025974145774174128,0.018774881831646596
34,0.07528492785808376,0.3440075284495834,0.17445186932508935,0.5750229657046473,0.13453905201884875,4.848880566956154,2.3069802447367542,0.3604711724620271,0.6782951838027621,14.101099181010238,52.1792288558015,5.586845022926178e-05,0.09122612033428439,2.525573308234868e-05,0.0034849808632957287,0.000973650470371161,0.0970790949469286,9.45575791660159,0.350538777014783,0.936896617997811,0.8607511368946889,0.027039533794037472,0.02285829454507237
35,0.05821702445335822,0.31122093148170954,0.14785501891650335,0.7012001496509233,0.14333519785612409,5.446871638435985,1.7907465631096562,0.576237343676683,0.5281384222633106,14.043882645020043,51.48824526654665,3.859243816122902e-05,0.07808294823435544,2.220624638229936e-05,0.002830764157398907,0.0007538067725801137,0.14222783027775474,8.550291893090751,0.2944412400446784,0.9799046968313634,0.885148863764473,0.02733982701104107,0.019184220540902425
36,0.07423099538131951,0.40782324472113113,0.1742849753163964,0.5662058051687614,0.138369247787747,5.583592507350311,1.6172561091240105,0.45015478283174637,0.59603677128969,15.291131792008821,50.74649222232126,5.0065223420518064e-05,0.10299373349473015,2.7627786646020748e-05,0.0028705994258565112,0.0007621049791467123,0.1024788779325129,11.140042135156623,0.29813006743678877,0.8747197350147329,0.8522369392084524,0.03596284639447297,0.021088809250917537
37,0.061133887250470045,0.3594385643931179,0.1572759159279909,0.5472326117033679,0.13045359226782566,4.979900873193536,1.7234028455755832,0.577485026482353,0.5237773993828965,15.197427145582342,50.448427887220674,4.1312999619697605e-05,0.08794847195825126,3.143523186459939e-05,0.0030867989498567436,0.001052533380113537,0.13926876818778142,8.914621586996326,0.31443919653279584,0.9211196293293085,0.9193979349274966,0.024346147825673074,0.022094847796433233
38,0.06407704960737054,0.35650637377391525,0.17365770145194295,0.698851777034702,0.12000770631956202,5.653836127900099,1.6935583726207133,0.2911988510176915,0.6503730857920014,12.895540974868144,53.16317361510857,5.166054178164845e-05,0.09505026322698952,2.476670663478706e-05,0.003489312074281955,0.001009531256081941,0.12321314329344468,10.817188644322284,0.3516502808441576,0.9714536362241871,0.8174090374285543,0.030171967941026993,0.020912127336691823
39,0.0688549542400807,0.43772184683819515,0.16216812025945837,0.6535484084113654,0.15598401155676453,4.764007091721687,2.1453196759501796,0.5538068025426877,0.5646456272324245,13.46327158561889,52.68851381104719,4.6195965865483866e-05,0.1046110753972922,2.2601718188613685e-05,0.0035522869305708686,0.0008873635266139323,0.10633478530526363,8.039443938695202,0.26912261891355316,0.9182745261547831,0.9342265324117239,0.026612868550358472,0.01608470522341939
40,0.06513216307835958,0.38404287807887244,0.1367562373636524,0.6004833386966327,0.11207975353677078,5.0252261619877086,2.039208173752495,0.5406734376112703,0.6634235915510129,11.720299694585632,50.98210737332721,3.990365949918506e-05,0.07700607537876505,2.5455580234675868e-05,0.0031960841531792406,0.0008374314790032443,0.13125705937602394,9.947413968654983,0.3872100687926778,0.9163161879639712,0.9968748135389429,0.029133357147923183,0.017880716306533474
41,0.07902747121599739,0.33412127801736535,0.1715949004430258,0.6374088154317782,0.1660070070350806,6.095838531669005,1.8765938830543454,0.3053246742988084,0.5856078788146084,10.927364904540955,51.50470136485846,4.8454592566040765e-05,0.08942479775886855,2.4221463049388984e-05,0.003590180901276373,0.0010371092280972065,0.10040381315794594,10.665278711937688,0.2757203833770793,0.9252732782279451,0.9241838320877279,0.032795143474047654,0.020748524878000555
42,0.06732731042842868,0.4329646088774352,0.17526552018459574,0.784397638177027,0.16521083327797226,4.83680108414761,2.344982270138428,0.3148383103695732,0.591117118861313,11.3658795597808,51.404147078883774,5.33753481708875e-05,0.08173762299354559,2.7107855159571326e-05,0.003287985270550329,0.0009397352178278623,0.1054568475398816,11.93817878958423,0.36125126004070013,0.944450899552602,0.8740026814349044,0.02918009112340671,0.023812795956613415
43,0.07719072986524869,0.34227100705839925,0.15328469242463377,0.6755616254565456,0.15185329007498927,4.457174583749666,1.8741316600715963,0.26450880139818833,0.6531865340514043,12.629777590388054,50.86140501065925,5.491958583444512e-05,0.07615631134890691,2.737373656720083e-05,0.0033681950791137035,0.0007430892047060959,0.1279765904015979,8.476716709467688,0.3285958280248672,0.9976003198715968,0.8668246324418266,0.029433357163627587,0.018642128297079386
44,0.06709130428010066,0.3395838957327815,0.1595397375059718,0.772044397489283,0.14038899242984765,6.253716736190725,2.3543281430327525,0.46218886082590666,0.554031832596588,14.306341765861646,51.860183726324095,4.594615213415647e-05,0.10763459197840364,2.235165655857357e-05,0.00241765596411446,0.0009452485943429695,0.12931482213488604,10.260238614425006,0.30454459380689947,0.9004309873710978,0.9412538352815439,0.03176104934957004,0.022689236151479917
45,0.07690365070685831,0.4312729157518157,0.14743650476463582,0.7858350117056208,0.1365953116699149,5.268083476028241,2.025092057809152,0.23782742074617974,0.5335745705413248,12.57969403584762,53.259426561829926,4.3942650637698626e-05,0.08897063217220119,2.4941951270447505e-05,0.002652467811451788,0.0009382694655940067,0.13044405546692633,11.384979944942156,0.3569337587080926,0.9053647822589735,0.9710834888252167,0.0339504651882251,0.016005722701689366
46,0.05865797621363462,0.423580469693097,0.18460623252041097,0.7247806608884511,0.15724601701510932,4.730910762425863,1.634377726133064,0.428012149427463,0.6465156915578312,15.493655454703468,50.0272550013944,5.1698171473002374e-05,0.10484629788359644,2.7074667768332595e-05,0.003068820856743277,0.0010499413679041381,0.13380186741339306,8.950161185894839,0.34994347900743183,0.8395977273792647,0.9880701793098372,0.02577879110177554,0.020490909700683787
47,0.061451491201679254,0.3296430710666123,0.18204971562523709,0.7762215405067628,0.15201746073636582,6.223840236539292,1.8564290359042395,0.4997542993658801,0.6835016321641691,14.868512006035747,53.23698574140857,4.7649125231701213e-05,0.08322317872879137,2.363781814257028e-05,0.002565747974139711,0.0007383255803364285,0.1329753934349799,11.98801989339492,0.3434592061296245,0.8156195355425448,0.9615463176969952,0.03545968549878183,0.016714420555259752
48,0.07191810463919025,0.3458011667093146,0.14588452812381558,0.5793758959369026,0.13859966496493756,5.411856810540057,1.7144432387518604,0.35410199109481183,0.6937890031276615,14.569047224304889,51.136151318539895,5.545394988492952e-05,0.07822001102713359,2.666872066139442e-05,0.003566310021897459,0.0010146610521447074,0.10144137718683219,9.863096360895515,0.32104212991825587,0.8550664694987773,0.9166401360359946,0.031818496123249836,0.019461598565746474
49,0.07799019302848519,0.40640831819958845,0.16432694353720884,0.644659126976952,0.11854409140588565,5.66380029905563,1.9385800328688312,0.519613568743809,0.5184501208863415,15.78155205276397,52.42907749426385,5.577262582842613e-05,0.09751630246360342,2.624549633110634e-05,0.0024633515100572806,0.0008290091540611423,0.10697742327561827,10.58287707112758,0.31506761307734005,0.9906996140711779,0.8372221746796306,0.034051901872864714,0.017056092205207977
50,0.07844135665591825,0.3880370801475741,0.18895942626176143,0.54358644983377,0.12868573262745506,5.070321274509729,1.7533803059973156,0.23466398198677413,0.6863310165690796,11.273703319524097,52.33921399872837,4.20962781893786e-05,0.10075743778137693,2.6599891932249156e-05,0.0035589292673180502,0.0008717625002698868,0.12987037539042373,9.495001453474973,0.38887156218473734,0.8215369134232398,0.8377125726518337,0.026374512135477826,0.020237414121375467
51,0.06595753910160274,0.4291079493226838,0.1355189948326432,0.7117094882725452,0.15463308723071237,4.195887479230253,1.7809635934070709,0.443984339120424,0.620030948914857,14.321793797361535,51.43360336407395,4.050103074997292e-05,0.09159616304266631,2.3891354302588785e-05,0.0029193399873314405,0.000807972891441976,0.12377870566778149,10.218862912658155,0.39254878989947806,0.8449126789581093,0.9552633409462818,0.024743033175736492,0.017566164479826604
52,0.07077985347359272,0.37880862559586403,0.13128915606393823,0.7463194073464969,0.14377388741815464,4.529930540366297,2.279472959947224,0.6082244022726885,0.6796645712369687,14.804711802839353,52.13286972550654,3.95636069548793e-05,0.09568967556306746,2.4389949913801118e-05,0.0026771786637900573,0.0007734066628199562,0.1432366286214248,11.353721499315556,0.31290659203131865,0.9602726651488396,0.8103312551508398,0.025241417953716472,0.023115723674900873
53,0.07835764285212961,0.3182422938969909,0.14108787579499668,0.5554653911433386,0.16136257192508544,4.491618542786723,2.0515582411431863,0.40436640663722545,0.5984279848674724,12.947251571079894,51.45380087981817,4.9178999698019484e-05,0.09950903502588249,3.0308414490383163e-05,0.0031984627850432006,0.0010644999586939725,0.1253885111513049,8.071608339095437,0.31903566032559405,0.8536368128474503,0.8867194808561153,0.029525053759175957,0.017817657244817757
54,0.06971808297039718,0.321574214161769,0.17711832862160848,0.7814462627343006,0.15934295082518027,4.8143305213794365,2.364623123224173,0.6248002498175736,0.6614831079122923,13.929940881800206,50.82843097534961,4.9775330282927524e-05,0.10280867433455353,2.516096102715225e-05,0.0034657953271422007,0.0009872864427715453,0.10882023949845246,10.451833798632384,0.3268670527744819,0.9404754041266504,0.9591750884923593,0.027564085574293944,0.019603986495449935
55,0.07464803947241108,0.3322908823388694,0.15014680351661502,0.7315315709805841,0.12175286814210515,4.3808696932440725,1.8641328321779262,0.5505129818942833,0.5686194456757704,13.235682779301767,53.559869701535874,3.778575007490072e-05,0.07676101554939362,2.284309232294389e-05,0.0030625762164815675,0.0007850576511646058,0.13503469358720444,9.737021322674055,0.3977413155454078,0.9924772109197404,0.839381182337306,0.024273429599487712,0.018297300870696816
56,0.0570177942448762,0.3251723008747426,0.14277492779039505,0.6209307547983707,0.1378502594062096,5.879342532834325,1.9901061457035747,0.5885968750934396,0.545965610627487,11.521316408473691,53.571678366990255,4.290154718871366e-05,0.10134350025172974,2.824275053257183e-05,0.0033898555355306764,0.0009912887537834561,0.1409069531569659,11.577121391702024,0.39355869873807336,0.8348454084805899,0.8899289001635268,0.03509831715255029,0.017333599965292372
57,0.060920256544226725,0.31408605083448116,0.18694608725187062,0.6892523969302109,0.14686382457548924,4.784740064952626,1.825285736176128,0.2970863705365614,0.71435083967845,15.995643209601555,53.79331613222038,5.2733931544304326e-05,0.08229726725207237,2.4647525608866496e-05,0.0026415033566668023,0.0007929005654435538,0.1097866015201746,9.26964643885935,0.3824970057832461,0.9133352723972226,0.9231657839463729,0.03033531811971948,0.022354680410217872
58,0.06175373387876908,0.39951359067550213,0.18167790622208885,0.6574696072070993,0.11818835673506375,5.690902184492833,1.7298820219838211,0.5837784342086181,0.575296986860962,11.385182270452576,52.229953966289685,5.554273971709379e-05,0.08611933668757678,3.172219619165554e-05,0.0025973522143629586,0.0010173643702063556,0.11408435305285175,10.735393193668617,0.2973013613595497,0.8998188738549308,0.9431898219114274,0.02461543420847955,0.019321683817979864
59,0.073209824659996,0.4214975095716952,0.17787561950797962,0.6260785503611078,0.1538124349792373,4.330059309985681,2.232453404247793,0.3888859075604071,0.6417628785667477,15.477321421444758,51.90622196554418,4.515221169710148e-05,0.07578061041914588,2.695046636703444e-05,0.0028190135945562324,0.0008851156030839429,0.12098534540185343,11.464032180838645,0.37040316793410644,0.8838731946066234,0.8640355080773758,0.030599690168459977,0.022499175568822787
60,0.06251910547750893,0.3902221547844864,0.16946014923013186,0.6622798774779806,0.11951548007445148,5.328749433192946,2.070435624398653,0.3426623156704807,0.49502948981573636,11.129144655806915,50.31988171843253,3.7581888067930864e-05,0.10496385428348515,2.4140067447128096e-05,0.003212485030606651,0.0010666457553619852,0.11314479249876859,8.139571945801922,0.28395256028374255,0.8909959000590305,0.9573664277815307,0.0322546750993194,0.02227649804062681
61,0.07607718297857552,0.3661220539499745,0.134650243211867,0.72897184175791,0.11287031402460644,5.334058779635983,2.0154031170327618,0.5678521666245713,0.6067746753487241,11.199824246595767,51.23006135247505,4.757712320415287e-05,0.093094177494658,2.3135258845478534e-05,0.003418500692423283,0.0008246457844551345,0.13188587725240963,11.120183102185939,0.33573900466167433,0.8194678558114835,0.9840392933906755,0.03255804352036351,0.021420413394537367
62,0.06290451013784246,0.3605651676749786,0.17879742033550872,0.7734745216356751,0.15556488854723668,5.292945917197937,2.255378514768461,0.33694063481713615,0.6991683625602073,13.943955376904343,53.0292900107601,4.045707548789263e-05,0.08407415008359446,3.227651231113543e-05,0.003341326864428662,0.0010485615279113793,0.09786795255052237,10.09718781166357,0.31582869334917496,0.8002264457034701,0.85020475862967,0.02558169485542463,0.01717334592406992
63,0.059721214660906866,0.44436826476315416,0.1683250298843164,0.6059395666261115,0.12052201957811765,4.429593729194723,1.932837064327722,0.277672121227975,0.7035608856052623,12.245913354789042,50.15073972800442,5.1466691752957275e-05,0.10702912509747167,2.9520773898859417e-05,0.0028846921761642155,0.000854942091581999,0.10588430392850998,11.212710100965834,0.29563985091848477,0.9188636047136368,0.8324229098778695,0.03341098559019755,0.021358583921625263
64,0.06916107531618429,0.303831128804253,0.1678638385517508,0.6427168266629681,0.1483424702492311,5.116147610970534,1.8090768732690286,0.5148043282813459,0.5676281727229666,12.071638259291385,53.20456513676083,5.0629881383548454e-05,0.07902436408106335,2.743551470462008e-05,0.002420427070083795,0.0008474990122815118,0.13602560789575815,10.203786100148857,0.33347666740542314,0.976988411083502,0.9635426304751811,0.027189265859279506,0.022233450282573824
65,0.05576258586456788,0.44187526173174924,0.12955000362838287,0.5709316738022353,0.13096515700104122,4.295400363265174,2.108234565002391,0.3077589253218175,0.6906752847192353,14.496128592895785,53.47330654726172,4.542379251306229e-05,0.08327130717352094,2.728343598494409e-05,0.0024723863281820952,0.0010346504712959537,0.1387800069007299,8.570442985615552,0.3097074298028663,0.8157370295378398,0.8029163574946399,0.027663478054975755,0.02026263466038193
66,0.06640076053630987,0.3689619147870226,0.16935627963940397,0.749301943110224,0.13728362479730807,5.871383997348177,1.748308922144929,0.6159574276808413,0.5301340938480046,10.80610476250093,52.86223011515396,3.911426037115212e-05,0.10578763376316723,3.1021676064316664e-05,0.003363966627372811,0.0008223845653551644,0.128834235494653,10.608461025846935,0.38640054100394394,0.9274994392467374,0.8120881979599248,0.029328489436438124,0.023585086242207887
67,0.06683133634763135,0.3390218424751595,0.14332255621979978,0.5818097330327976,0.13547366469056643,5.558661140897249,2.005535399786053,0.4240899918965052,0.716422504427398,14.45961323685842,51.66700150990581,3.821466871269091e-05,0.0737175059275977,3.190583433967025e-05,0.0034703022136832653,0.0008339509304126822,0.11046356003590439,11.8400249568889,0.3319901969071308,0.9733080245881306,0.9141721071202293,0.03310107782212426,0.02178258534461945
68,0.07301151034183644,0.42540208867340146,0.14898928366554587,0.5514697776450845,0.11252317590525959,5.485413486992184,2.1442587368409813,0.619996055369655,0.5515763693968185,14.35870407728614,52.481131057171595,4.66336400032084e-05,0.08466279669400463,3.137963317421864e-05,0.0030770431253123102,0.0010597303871537921,0.10009679061358553,8.716582002358868,0.35738377103897667,0.9413295195652607,0.8241760089660749,0.025913168516850698,0.017680217795042263
69,0.06461764735581829,0.35289764553355835,0.1442645887467735,0.7189069389287197,0.15838405828708013,5.635564942153701,2.1779155642937047,0.3203862335529829,0.5224059630863723,13.532888019614031,51.728916612778484,5.2602360986133904e-05,0.09283714635732221,2.1619244725266345e-05,0.002582725521437301,0.0009557274654410327,0.1224476356322497,10.999330604955771,0.29664107049176897,0.8056020818733217,0.8998952917895404,0.02496236561557162,0.021129504042083486
70,0.05613009509431469,0.33604406883130944,0.1615180272926361,0.7276483092067193,0.16449703932706342,4.9992748281020525,2.2452250462730077,0.5723210168633355,0.610118412088875,11.300718953927625,52.03863387437369,5.136839174115254e-05,0.10219246385725289,2.2178750814107284e-05,0.0027855761080925567,0.0008034658594315733,0.1269218504405072,8.518977758556666,0.32341447785228145,0.8172982841811903,0.8007822846245243,0.034965115623061524,0.021255698601406758
71,0.0653434473709673,0.38039791888578356,0.1287516847357653,0.7803610089463278,0.13924983630506887,4.585701063814853,1.6849500944046054,0.25092744243746384,0.5733596986517191,14.670336047210652,50.92233951097156,5.045467536838829e-05,0.07488023362570694,2.4989808481302885e-05,0.0032175978653073106,0.0008044181235555753,0.09673637570538712,9.226581097713016,0.38002889312718385,0.893927539322404,0.9318832562893625,0.02561507744644825,0.018184944061815995
72,0.061680517793390253,0.36823805138778,0.1645444346362167,0.5941269062734201,0.12291699799429684,5.812343727971509,1.9313452725898168,0.4089699814067288,0.6933157831533275,15.384094298029996,51.91897831022577,4.467607514153604e-05,0.09359333722390495,2.609858704290246e-05,0.00323801548899749,0.0009238393828888046,0.1310866573925923,10.32185075923474,0.2702366420842552,0.8632721576065701,0.854210988325796,0.0347366591698485,0.020559605430238246
73,0.059574713859036205,0.3961709789663287,0.13809464734887525,0.6956530208820337,0.1369102632367244,5.570818302133743,1.8920823725256324,0.5178844840770572,0.5638789853015624,15.077408138586861,51.843589991101524,4.481453188411401e-05,0.09845988964531932,3.181984064570834e-05,0.0028954354254891773,0.0010289525345171732,0.09631804841956958,8.745928980394304,0.3848808124512326,0.9380145879137873,0.9449303537623562,0.03330777485128542,0.017501417068113936
74,0.06365310347100184,0.37513049993898384,0.1609779153964034,0.7441541646348282,0.1268739454808948,4.57175070392444,1.8289584016133626,0.6041872415617268,0.56113898849487,12.305769041508231,52.84157328606892,5.5308967328530095e-05,0.10404748804912269,2.3428264043576774e-05,0.0028074031868194414,0.0008581213145614558,0.11391283928351659,10.794696629146618,0.3949513881544602,0.8490442895247646,0.9920177793857916,0.028374484283397273,0.0203141884779601
75,0.058913375954969434,0.4297934049316757,0.136212229746667,0.5677556983132738,0.13353056429645563,5.708736325263222,2.3121586739942317,0.26569673885491285,0.7086020031501081,14.127597075395043,50.469935355400786,4.298528680582184e-05,0.07358399358539044,3.01465084526901e-05,0.003396761973342078,0.000906011223729715,0.10526511084230505,9.163789751319829,0.2785739171429975,0.8413903007773984,0.9897625762277011,0.03383940547985008,0.023138360149400485
76,0.06343271116667247,0.36474829556016564,0.17929176253943013,0.5445154459508633,0.16032011866642448,5.044235938226661,1.612137299368353,0.5335985586483433,0.5590870480957653,14.262081813111731,51.626613425767886,3.888878729476601e-05,0.09260958668495477,2.5853850052278057e-05,0.0032631092873050016,0.0008463035304535451,0.12159574894431158,10.163054326160577,0.39376255312520037,0.9826759824876695,0.8276448015125771,0.031113749369232335,0.018344221524939197
77,0.07038546223512362,0.38179653562686866,0.18017169212622428,0.760725564799491,0.12444642888504132,4.623883983546453,2.2644610538693866,0.4951557375885507,0.6235184323804209,11.97525821772596,52.670122839541364,4.804230468919312e-05,0.07552511786526526,2.5763019368135863e-05,0.002448036331638718,0.0009527307512822991,0.11722025761560341,11.409064470066477,0.3756182579781596,0.8249505305759682,0.9657718668765618,0.029628855167993445,0.02064477167037346
78,0.06846047522826948,0.38963151671452023,0.18487277660802828,0.591661884657331,0.14869834666567613,5.5360927636624915,2.316770459083064,0.43412879446216635,0.5161146379557061,12.81589385071569,53.44402420234889,4.574137810097008e-05,0.09803862733538944,3.11066217082112e-05,0.0029660622043821915,0.000914216584998804,0.1275840046042244,10.714752434564161,0.3011923344045384,0.923326164129421,0.9738916150291919,0.024471624397579664,0.022937145246129984
79,0.05677992307485573,0.35157316785831694,0.17044843365028006,0.6833942279425627,0.14115103700154233,5.735082521874969,2.170779848062292,0.37881709476290515,0.6327026264394587,10.889189896162673,53.50848224250692,4.710818442458442e-05,0.09960158091720157,2.5580006291497965e-05,0.002483366639016725,0.0007491281759030641,0.1116454539346578,11.011114914223905,0.2775198574121209,0.9574070501367447,0.8263903068798547,0.034982869427342064,0.01820111194178124
80,0.06325915737088227,0.4536519857472122,0.16564109476401154,0.792981583095277,0.12341882801547426,5.713642689907943,2.009029617486284,0.32634011574457134,0.5053608033495813,13.178816565878888,52.981898355597714,3.8850335244923384e-05,0.0722987193623376,2.535387154019387e-05,0.0032510799291353637,0.0007245108365634475,0.1283962980973204,9.902059948708173,0.324668043459394,0.9104090683112774,0.8580695193881857,0.025193047842803587,0.01675308999965119
81,0.061977706851830947,0.3072330387483249,0.1494336132783216,0.5968897690938719,0.13390574721607942,4.222480382886465,1.662437420433605,0.41619820962018683,0.4986482194820278,11.666384720640684,51.17100694580696,4.6361889117473506e-05,0.08869918247173801,2.8732821940550305e-05,0.0027283967083705568,0.0009718184180082326,0.1247560376468977,10.635681649951819,0.37417052662333633,0.9748459193756299,0.8798381840946963,0.03584954122556215,0.020391751185701305
82,0.06023028353179076,0.3705414161557872,0.15420094506827534,0.6553463191544509,0.12226352923479132,5.219781539992872,2.3699329917205048,0.3457350582632195,0.5773481045099378,13.36658963203901,52.655171662366406,3.811999971309452e-05,0.08207673813224013,2.7527171740468488e-05,0.0025763367244753476,0.0008136533726011035,0.12436325652893396,9.568722194676829,0.30217152403157704,0.8574563200347688,0.814756417129684,0.0250950101109958,0.021509980463341308
83,0.05662997339536717,0.4319915986237337,0.14049792971641525,0.6251031616241447,0.1397472313994803,4.726573686917565,1.9241629329020438,0.5068183110053186,0.6486367066545159,15.32505966291567,51.08904668193169,4.649598337240088e-05,0.0940492715007023,2.2683280718709647e-05,0.002504015926362189,0.0007343178179500821,0.14282595700922354,11.927804922612847,0.3375626594172396,0.923488708160132,0.8412869762347043,0.027390150287330814,0.01924008961418578
84,0.05776068525487976,0.41286823538680156,0.18564186054667375,0.7047223832282802,0.12954381827027606,5.981677028921207,2.3310295420127014,0.2937802241259888,0.5037413708893248,13.665111462633774,52.264971382501535,5.223790598022422e-05,0.08129384344867188,2.7935465022753258e-05,0.0029024963132556914,0.0009577376045522705,0.11924390915511594,9.51189401793198,0.36159526881578946,0.929085476254887,0.8232008182102327,0.026988409264025848,0.016373997542607984
85,0.0764932075860106,0.41107338158419726,0.14475442996436744,0.7416051275147957,0.1280460666589763,5.780967618164351,1.9847476374596025,0.47293219141397663,0.5416855899833748,15.55543668066922,52.76893938368577,5.4732069364822084e-05,0.08409686688058704,3.1220715045382174e-05,0.0028353382486996375,0.0008005091695971095,0.10923088686025238,11.072279638488528,0.36827797321928407,0.8758639612692835,0.8033520592534449,0.035639189869788784,0.01990896705004502
86,0.07170279369692499,0.4142495139564578,0.18229401133993736,0.7685046150080962,0.11576140018146999,5.599443331835635,1.9625202043430512,0.614820838895213,0.4815248734460061,11.701295532525712,52.293279173084926,4.602306769010636e-05,0.09207043512737487,2.1903075649491225e-05,0.0027256261233792522,0.0008689451627694112,0.09830643544988339,8.772800447602203,0.39133015504823065,0.8710537815483241,0.9384114977572765,0.02711226263778558,0.02366787802102381
87,0.057456789299383824,0.43689301232138844,0.1878896958795488,0.7871280457513541,0.1625318397367987,6.149660785643025,2.341188883693285,0.36870736018976236,0.6363200834146956,12.018128440253514,53.62384885379387,4.879303117441987e-05,0.09599216584916717,2.6915065976289115e-05,0.0026303487977266675,0.001057084047999696,0.10752491374814795,11.74214816041158,0.3996301700918633,0.8072904153698616,0.9699953294323391,0.031190566007022347,0.018583071277560172
88,0.05716186477024788,0.4200120508044944,0.13921011359285412,0.6464260510808699,0.13524429709959068,4.552688658062362,1.8506788833202001,0.24802565245272096,0.6668385525448519,11.547791910367584,53.06138166740432,5.0878940628838616e-05,0.09904047950439031,2.966018888692561e-05,0.003349631681225796,0.0007696714534666276,0.1145030227543652,11.712105810481932,0.3724564238362315,0.9072069957764802,0.917831834154117,0.031540709894168045,0.02354801705296413
89,0.058163105314460006,0.4013608533203137,0.18333228977740618,0.7923757244302667,0.1341900451000102,4.4412539166711555,2.117054635242562,0.5466032511809733,0.6310278466867499,11.83217269958415,53.8835719790064,4.245178576950303e-05,0.10167907739248688,2.8136172375798883e-05,0.0030451303976375783,0.0007209127406545209,0.12492447406177293,11.638496499917672,0.3274494195661729,0.8255173946500475,0.9366920658361566,0.03441764064210587,0.02201186810669693
90,0.057799663386806546,0.3318233655648768,0.1393192345072325,0.5898273230362385,0.1318385174624259,6.209167783121435,2.400093087412263,0.3966636084422641,0.7106304531044797,10.772463542446568,50.63185347398745,4.733481217086007e-05,0.0971463721109343,3.005843772690811e-05,0.00312304498772319,0.0010417796674592932,0.12597437567691622,8.23146839715185,0.3059144522054395,0.9959332680933817,0.9751737826503195,0.03287198042423099,0.01892867599143593
91,0.07289818543947588,0.4500678541116946,0.14384824181636757,0.7097011216169091,0.16151068255212184,6.237720692436312,2.167522451148236,0.5244518354561032,0.49479795762883527,11.767507664620569,52.7375178919191,4.15281551468056e-05,0.10124726569561018,2.3074750745723227e-05,0.0031742834331377483,0.0010379150042198174,0.11638604675575506,11.90257543123748,0.3083425553718426,0.8794265799222284,0.9046912175282461,0.03356785988830596,0.021566519978593372
92,0.05994725232468128,0.38259125952710504,0.1304871802734006,0.6596432781370068,0.11738058817088937,5.935836423595653,2.0848777402170158,0.27581382808573296,0.5702727957944648,15.155759736843564,50.09362376843282,5.325831797892796e-05,0.08358058140316643,3.1153576296367735e-05,0.0027765767061327293,0.0009039467616792599,0.12941235624012357,8.263414682527289,0.27298056004818455,0.8694904090773271,0.8489438923955624,0.026199067356067342,0.0232399891027433
93,0.06759089078773452,0.4476137881484569,0.1711923971599362,0.5417589225416725,0.1507826042291306,4.511740913526562,2.0694333366950683,0.5931510810536968,0.6182143587285845,13.011905660881041,50.77437890786592,4.36289946847126e-05,0.10547596582267976,2.4319650166621007e-05,0.0034281775583723455,0.000949583251094016,0.09894386275530166,11.2266940249663,0.28138144958548694,0.9470450324069055,0.8162885121806914,0.034827353546882114,0.022593244972573034
94,0.06549065161262219,0.40508097885216243,0.1421783181493303,0.756839938087477,0.15442000951957136,4.27786777994123,1.9141037682273006,0.4862871557463754,0.5153176920387549,11.427289992144425,50.37813087468724,4.0709509194039275e-05,0.08042580921977066,2.860264121020773e-05,0.0025362392224416424,0.0008409655277897402,0.14368143802389363,9.041064043524573,0.34773264423356853,0.9144543013410548,0.9866717482571895,0.031388650908931275,0.02168661190562329
95,0.07379654904471161,0.3145516962024272,0.13743052503201197,0.6170756182120275,0.14288399323475423,5.769389940394348,1.7068959801570291,0.629265542440993,0.6570928704099449,12.712910654581798,53.98019670301755,4.4985491256194283e-05,0.09999589207368823,2.1817799381586225e-05,0.0033313577513398997,0.0008170886765257879,0.13464860777777238,10.069929189590141,0.3224349068097333,0.9640198498921826,0.9099523146229745,0.028568343923169863,0.02098805387413658
96,0.06844473041335113,0.4024113170654516,0.1862205698544219,0.7619922830762416,0.16708141063956658,4.70215519358209,2.0593112161702862,0.48181211075479263,0.5573719086814009,12.648682865822927,53.10164000280588,5.102338634891237e-05,0.09025678911124835,2.9249435672185442e-05,0.0024856518148395424,0.0010707005079031349,0.12144952232208774,10.486282198259442,0.33942739203869654,0.9553632506966878,0.844247244714027,0.03131229753283331,0.017759412208190748
97,0.0631436968704833,0.3163873168286456,0.16848227904653928,0.6854412344393057,0.14211401833076853,4.613984766357415,1.6068018223043423,0.2830644991343864,0.5004074209076759,13.418897446310819,53.67116811588549,5.388227899765081e-05,0.10363274329538058,2.6039235208271214e-05,0.00274409246195609,0.0007676285501290889,0.10992669741683742,10.889109887885345,0.2888271614771147,0.9079327188395789,0.8698839917864081,0.02535420211055098,0.02263194755406127
98,0.05605047783050157,0.350432595833747,0.15662480438311668,0.5648601740838446,0.12793184216368977,5.99882342783029,2.203422326600695,0.4426461168919187,0.6896028596432356,11.886694735689648,52.878690766423674,4.419447110113891e-05,0.0721171402641986,2.3964074449685162e-05,0.0024373126863958166,0.0010748069788340318,0.1383923986021895,8.403985210366075,0.36562697159098523,0.9423885780834794,0.8298244755298666,0.02813345532656937,0.023371855233283535
99,0.0605353591276628,0.3724853794369699,0.13510765345891138,0.7032089361828324,0.15674243760018752,5.2131428402809785,2.152443608808799,0.3727051739267344,0.6741217111976247,12.798949294812605,51.69246489292572,4.2248952560684654e-05,0.08441590037942708,2.9135037810390996e-05,0.00243984546625214,0.0009634484666480669,0.09742799109732367,9.425227992856035,0.2849452248224882,0.9338787528672143,0.9396845034684682,0.03166199297084408,0.023778392610811286
100,0.07549842693452355,0.37175211601439334,0.16525434865932723,0.5996304077671752,0.15124709495060754,4.183050364431932,1.9024797929475454,0.25408813789457846,0.6403118173020257,15.068701702278517,53.38834331559187,4.509947429482769e-05,0.08961899854476886,2.8271420693815536e-05,0.002608698913797534,0.0007511251817492526,0.1432826109766039,8.601559692153046,0.37840169505994936,0.96533372861763,0.8290700173986537,0.03250948307477364,0.020184819869298737
101,0.06573786785946556,0.3222513789188889,0.1485013238724952,0.7065837890369132,0.12497384971471176,4.798640069269121,1.629101155231162,0.5992081885425988,0.6351962762229197,13.036082720047862,53.955481480364384,3.741558784197684e-05,0.08087599913304633,2.7855200980042044e-05,0.003006654600311012,0.0008827464925881088,0.14133251395188812,9.55613521862114,0.29069782080205664,0.9523494000628576,0.8950218100879248,0.03320262562239033,0.017101960244201124
102,0.0792390169558809,0.31942875242974716,0.13169392332594995,0.6315875186090122,0.15000870858225296,4.34468565912462,2.2927870581358567,0.4011975945241619,0.513085144188749,15.870755595234284,52.92912096190967,5.30389246885107e-05,0.09507008699797714,2.803463716579036e-05,0.0027538094067269168,0.0008895665463432637,0.10093579243989374,8.196589001668112,0.3073308126549291,0.9618202647032943,0.8840187575847398,0.027969686723073227,0.016281761506442092
103,0.0706584575245554,0.4386943787008864,0.14164965092003268,0.5324783710575316,0.16088585284533655,5.472559940974881,1.681771138804158,0.4742850853948604,0.6715497894352171,14.42823508968425,51.26503222362934,5.025479814317224e-05,0.08568753135258338,3.0266673696376698e-05,0.00329735440742624,0.0007823684416326138,0.12026567641119548,10.855372260612668,0.3169148549338285,0.8428997703053599,0.856403948314848,0.03026841671604938,0.018047672551683613
104,0.06669224859638512,0.36379079878065546,0.14635386625762414,0.5399814329318035,0.14746620737789856,5.183476380101221,1.639318007671016,0.46111109823539087,0.6004033546643567,15.99093751827068,52.56433170091096,4.267877016805321e-05,0.0877424196057734,2.7801511290263495e-05,0.0025011126109020015,0.0007263567556466824,0.10340675943709705,8.172633326744528,0.3556371870290374,0.8929207595653805,0.8331140786557674,0.026094372890283338,0.018703185339031602
105,0.06979242744714653,0.3380640330905874,0.13275178063475643,0.5859661954476137,0.12631479416019575,5.134450582237534,2.3361803599288384,0.5384960943779881,0.6550821550398566,14.831748376683336,50.41004338428974,4.550144122733721e-05,0.08973021319445879,3.0835188003002616e-05,0.0031433446040620323,0.0009113353637698116,0.10804946392117869,11.279249581599522,0.3452236313698457,0.8113581580379438,0.8880920249157435,0.024801665711432053,0.01970778189516135
106,0.07943775542372478,0.3235692665255151,0.15878606414322066,0.6160963434834488,0.11767436051400307,4.391175686198909,2.046981773806929,0.5565294921311736,0.4921899425061078,11.111932863988933,53.75303786635213,5.1997135125967257e-05,0.09654775412128616,3.0907085965704655e-05,0.0028485674024468443,0.0009774987102166295,0.10423868992136395,9.790530164501428,0.38029462725186675,0.9504901877441485,0.9514203280459455,0.026827670371197158,0.017731368107695104
107,0.060389426281228606,0.34649581955465353,0.13230095088569913,0.7530397836501201,0.1648856987572998,5.168335729577119,1.7711603498452304,0.28420453224381587,0.5779958566842168,15.42395580467863,53.835412639341286,5.43789776167244e-05,0.09556908271739126,2.2043613846882154e-05,0.0030359538146821404,0.0007478126362228479,0.11816783733541802,8.456936672227878,0.39656432934928393,0.8662688489023151,0.8827296274886406,0.02548181334260894,0.023252989009835363
108,0.058500618653534044,0.3097045274406064,0.1808260514934259,0.5730784882588079,0.15523065703488456,4.973942410686671,2.3613301363475907,0.5646058214991311,0.6128637339431557,11.229157779748652,51.33548212720442,4.831106086426999e-05,0.10064039694382021,3.067582493592299e-05,0.002517800063303646,0.001018435396888792,0.10082595282691958,10.7594583051121,0.3255089962865453,0.9491291051426096,0.9473455248358295,0.029024682712516563,0.02216560412035413
109,0.0642880799278058,0.3353874444030087,0.15808004417135368,0.6652906470814854,0.13262034967030392,5.753919109954326,1.8825248841502078,0.2699067551736163,0.7184944839925751,11.496937095720394,50.20402535952155,3.8524593097320685e-05,0.09765044548719279,3.1497122729438286e-05,0.00295308122305892,0.0010319455206319443,0.13812409142671836,8.627053589428082,0.3644446884447536,0.8962321585262559,0.896848493107485,0.02673424045026567,0.021235077725128754
110,0.0648845816815418,0.31066148791011067,0.16670121037114416,0.717863018936398,0.135819453947061,4.23835952123431,2.263403934820286,0.3950825289668767,0.5562028529148697,11.611774039093826,50.95291572409521,4.1152293240772845e-05,0.10013205971172999,2.3560393563016915e-05,0.0028007545326987453,0.0009600533039099608,0.10797687698890311,11.339285870156182,0.2722800034105251,0.8867869197137036,0.972490754999912,0.03307917869945188,0.019974161747489765
111,0.07448242492183946,0.34107621562631774,0.16007139984596136,0.695118957843252,0.16563069420174656,4.471550020470696,2.1299981798230916,0.4670040550707877,0.6382993078814653,14.20878404304833,50.568226322209796,4.171839184159768e-05,0.0829227227106206,2.2021223697631353e-05,0.003049708720670687,0.0007338357979267466,0.13315449668774554,9.300984052758317,0.36342553134280176,0.9987831207290748,0.8127618121942138,0.028772299953562876,0.019067097057499493
112,0.062214674168270506,0.4456653845115095,0.15930575050939982,0.5542402580446589,0.16397663202456608,4.76175280184575,2.120718589404521,0.3008765438583813,0.5848607101130758,13.88619140525994,51.20199551731302,5.5168775455201175e-05,0.10332845008514376,2.3025650262410216e-05,0.003226794209713452,0.0009843583893834236,0.11072770074504573,9.757192744256098,0.34256703463473587,0.9683198364293957,0.913670370031048,0.03463167667432176,0.017376624198076587
113,0.07256657432023926,0.3282327973213057,0.14242952067412878,0.6510738255917674,0.13205264669726718,5.627059962178697,2.1965310057265293,0.4471590741253789,0.6637585736861393,13.980948256386874,50.26869850601475,5.359082167412698e-05,0.09174547430623065,2.7709214356190094e-05,0.002718309493359169,0.0008655398441588816,0.11137453010601381,8.799668011106297,0.3584099800014647,0.881405212304663,0.8711430908759615,0.0342624180344711,0.019814982390149064
114,0.07102580017149995,0.4521674932397366,0.12912236505992208,0.6915224787349803,0.11334799378334778,5.092548755260258,2.3853027637756656,0.32262809746926524,0.5367988179123888,15.617605981083102,52.525596218698226,5.415445897562e-05,0.09064581731035048,2.237632107746637e-05,0.0035362190718860433,0.0008629770414204025,0.12608387627662054,11.869844570039648,0.26761968868422414,0.8475270452869811,0.805904641571416,0.030815965160331516,0.019303039448369304
115,0.056335391300615587,0.416398237620803,0.1893339516353681,0.7584558958189047,0.1478698507753079,4.367489332981186,2.3217732525929833,0.2586661831027739,0.6155946709991382,14.951299689805019,52.784394329707695,3.980302469323385e-05,0.09816160582158226,2.3477936708155813e-05,0.0031192189209252276,0.000910706172983608,0.11994226574809459,9.119973920541247,0.35988405281934216,0.8519323856790396,0.9017235237188517,0.035420426990791246,0.022806333290059252
116,0.05563698492704268,0.3175934492811573,0.13332474287537394,0.7359397127045676,0.11654036187863956,5.2371190128683285,1.709664428608908,0.240920717794218,0.6038694344353588,12.405439012203068,50.31221648934797,4.69327504680515e-05,0.07275495763926823,3.0507102361162425e-05,0.0025231612060221424,0.000998669735225124,0.10483013025274614,9.191952702923231,0.2823891199087884,0.8767165402416565,0.994681627394721,0.03432669108164902,0.021709187008113008
117,0.06791343805006485,0.37443633928564934,0.16697179522501548,0.5502583822161818,0.14157070239406233,5.306467721546655,1.8384209906374083,0.3855871127310237,0.6141693887631847,13.572289435623803,52.37391683713128,5.4536660929874626e-05,0.10668921050076907,2.9898510242772242e-05,0.0034435194705922404,0.0007298249380749551,0.11862622489238277,9.690068291736225,0.3652077338939392,0.8468518171566048,0.8560896146524533,0.035316566620879244,0.01950846790758184
118,0.068790861024858,0.3877581461123488,0.13708611653581218,0.7158682057374091,0.129806015037979,5.824927339557704,1.7655607611892454,0.5280118849873683,0.530780849922092,15.011063044262684,50.249546501948565,4.0310686376313904e-05,0.08848759938469486,2.3354126268522138e-05,0.002558281580613173,0.0010257900209258734,0.11692439137670109,9.152137758736668,0.2793979084730683,0.9305921751118967,0.8675795931840301,0.024413350050686383,0.01898297323164677
119,0.057281741704801964,0.42212419787200306,0.1786853644744988,0.5361428097882581,0.1289333696099398,4.264863345286602,2.1583573315898614,0.3315172755376269,0.5262892156954072,11.952922736417706,51.9780830258631,4.942566255555872e-05,0.07326281973089882,2.8614195765870858e-05,0.0031515873284939165,0.0008208786068995255,0.09914307488745806,8.307280451950454,0.34816417175195363,0.9794905592867813,0.9076548408294522,0.028912324398958668,0.01644613652506068
120,0.05920176201497573,0.4347561571099644,0.15792837171999807,0.7679074686335987,0.15994394222675137,4.656438138823145,1.910495437085892,0.23109198557835675,0.6707918566271405,12.147046772983288,50.605685965795026,3.796916274744254e-05,0.0801038385928775,2.8472274329931185e-05,0.0029267741127591844,0.0008750427612018354,0.11772791723104022,10.382463852887332,0.32035517203903985,0.8034082806760087,0.9923882074495756,0.030746138316861224,0.019056054232983097
121,0.06651549838279652,0.4094530145699781,0.17327760623309418,0.6895281227741406,0.16214652342424865,6.064702891583193,2.1370256091006077,0.5903888697717876,0.4821970353803516,15.803582853109752,52.086078200762834,4.334895237880186e-05,0.07425469494080135,3.0563076657813485e-05,0.0030166961945697736,0.0008956851012640679,0.09942724199887484,10.56240314232631,0.32986144156179525,0.9849301878039374,0.8649962444782934,0.032362097975821146,0.020816054215595653
122,0.0781190849017564,0.41177152430082337,0.17028113677247203,0.5364213360357556,0.14623838666036082,5.276717514492429,2.1052634602184828,0.49269174673587063,0.669282429875118,13.095476841572971,51.953338593980504,4.322193487669793e-05,0.08119371905864706,2.9312846109966514e-05,0.0033811804092083687,0.0007622757697220906,0.1228924143056547,9.380513411396482,0.2861202625838187,0.9867226192634277,0.9771763765550107,0.02981055252389979,0.02238306598463975
123,0.0607167940988143,0.3446974833816181,0.1452948437570965,0.6676187188438867,0.14636889130739908,5.381270370668489,1.6962789671105505,0.43089892410729613,0.7015368077248383,13.329796682940309,53.12596977511669,5.4294414884969945e-05,0.08583963103381761,2.6481714966834725e-05,0.002623991785697703,0.0009808667352944787,0.12642661630340107,9.012190113401719,0.27708165738852275,0.8595194211496984,0.8090350268868546,0.03454775413574093,0.018862878632552482
124,0.0714946197689657,0.3131292982392251,0.18320090779929396,0.5570800781000086,0.1425410082799443,5.954901540935953,1.800515898698933,0.3763299085175803,0.6755736005313242,14.915501565128226,51.01733261450185,4.9804430126704564e-05,0.07959786107865292,2.2494320856196076e-05,0.0035272794168291284,0.0010780714779854072,0.13739184029285315,8.67619441503355,0.2921146425669847,0.8371823520022152,0.9993652747948634,0.028651753255695533,0.018485268220704624
125,0.06277316330182556,0.4032826801477423,0.17585705175438304,0.5624954303794862,0.1627983024329337,4.927550079226,2.090253411826325,0.5690371902784053,0.4853287491650595,12.129229589472471,50.68319927101613,5.3465972106842184e-05,0.07777027798081837,2.636436301665955e-05,0.0029859827324398534,0.0008940825210711605,0.13272466421248558,8.322103468094962,0.2712498153873517,0.9317454385674413,0.9686543071024776,0.03206911220541033,0.023945824406659783
126,0.059442688818925095,0.44231349758538785,0.1564839377031404,0.6341460411386296,0.14468850815147707,6.171376993423253,1.6749798353595373,0.5045280228162913,0.5891293792072999,15.24404004975041,51.115227594912334,4.448363536637591e-05,0.07725114566900203,2.9770326190355706e-05,0.0029914992995515397,0.00078920217690849,0.11258117405238241,11.488789044564218,0.35323807828663834,0.8379070328359526,0.9535342864684511,0.02751605309917392,0.016850085737015453
127,0.06614994600935953,0.41878521165575744,0.13852979290997777,0.7389831415081957,0.11429804751301983,6.1057316367684855,1.7586000225437688,0.27207310554225533,0.6087889350559355,16.072316344130154,50.10584060496763,4.092766568526496e-05,0.07856563159953708,2.175057703670198e-05,0.0035762403318368137,0.0007589023044436479,0.14157759946869575,9.975965887912238,0.3109881017765614,0.8083090547643318,0.9266886041086272,0.031887102771377074,0.02104037051207814
