model,origin_date,origin_cases,forecast_probability,observed_event,classification,median_mae,median_rmse,p10_p90_coverage,brier_score
non-seasonal,2024-01-22,9.0,0.77,True,DETECTED OUTBREAK,5.75,7.8554651888563125,0.6666666666666666,0.05289999999999999
seasonal,2024-01-22,9.0,0.46,True,DETECTED OUTBREAK,7.666666666666667,9.60902353693305,0.5,0.2916
non-seasonal,2024-01-29,8.0,0.6,True,DETECTED OUTBREAK,10.333333333333334,12.342339054382412,0.3333333333333333,0.16000000000000003
seasonal,2024-01-29,8.0,0.38,True,MISSED OUTBREAK,11.5,13.558515159608493,0.3333333333333333,0.3844
non-seasonal,2024-02-05,16.0,0.98,True,DETECTED OUTBREAK,9.5,11.276819882691514,0.3333333333333333,0.0004000000000000007
seasonal,2024-02-05,16.0,0.97,True,DETECTED OUTBREAK,11.333333333333334,13.662601021279464,0.3333333333333333,0.0009000000000000016
non-seasonal,2024-02-12,12.0,0.97,True,DETECTED OUTBREAK,13.25,14.715354792415528,0.16666666666666666,0.0009000000000000016
seasonal,2024-02-12,12.0,0.94,True,DETECTED OUTBREAK,13.333333333333334,14.52583904633395,0.16666666666666666,0.0036000000000000064
non-seasonal,2024-02-19,14.0,1.0,True,DETECTED OUTBREAK,14.833333333333334,15.157506391224118,0.0,0.0
seasonal,2024-02-19,14.0,0.99,True,DETECTED OUTBREAK,16.25,16.639561292293738,0.0,0.00010000000000000018
non-seasonal,2024-02-26,28.0,1.0,True,DETECTED OUTBREAK,12.666666666666666,15.470401847829724,0.3333333333333333,0.0
seasonal,2024-02-26,28.0,1.0,True,DETECTED OUTBREAK,13.666666666666666,16.237815945091466,0.3333333333333333,0.0
non-seasonal,2024-03-04,27.0,1.0,True,DETECTED OUTBREAK,12.166666666666666,14.591664287073858,0.16666666666666666,0.0
seasonal,2024-03-04,27.0,1.0,True,DETECTED OUTBREAK,13.833333333333334,16.11934655416693,0.16666666666666666,0.0
non-seasonal,2024-03-11,33.0,1.0,True,DETECTED OUTBREAK,8.0,11.647603473104098,0.8333333333333334,0.0
seasonal,2024-03-11,33.0,1.0,True,DETECTED OUTBREAK,9.25,12.20143434191243,0.8333333333333334,0.0
non-seasonal,2024-03-18,36.0,1.0,True,DETECTED OUTBREAK,8.166666666666666,10.66927051551948,0.8333333333333334,0.0
seasonal,2024-03-18,36.0,1.0,True,DETECTED OUTBREAK,7.75,10.702414057896782,0.8333333333333334,0.0
non-seasonal,2024-03-25,29.0,1.0,True,DETECTED OUTBREAK,13.583333333333334,15.600480761822695,0.16666666666666666,0.0
seasonal,2024-03-25,29.0,1.0,True,DETECTED OUTBREAK,15.083333333333334,16.699550892164734,0.16666666666666666,0.0
non-seasonal,2024-04-01,39.0,1.0,True,DETECTED OUTBREAK,9.833333333333334,12.402956636759372,0.6666666666666666,0.0
seasonal,2024-04-01,39.0,1.0,True,DETECTED OUTBREAK,11.0,13.796134724383252,0.6666666666666666,0.0
non-seasonal,2024-04-08,58.0,1.0,True,DETECTED OUTBREAK,5.333333333333333,6.18465843842649,0.8333333333333334,0.0
seasonal,2024-04-08,58.0,1.0,True,DETECTED OUTBREAK,7.5,9.050782654923642,0.6666666666666666,0.0
non-seasonal,2024-04-15,42.0,1.0,True,DETECTED OUTBREAK,7.833333333333333,10.66927051551948,0.6666666666666666,0.0
seasonal,2024-04-15,42.0,1.0,True,DETECTED OUTBREAK,10.583333333333334,13.461364467740012,0.6666666666666666,0.0
non-seasonal,2024-04-22,40.0,1.0,True,DETECTED OUTBREAK,8.75,10.338036564067666,0.6666666666666666,0.0
seasonal,2024-04-22,40.0,1.0,True,DETECTED OUTBREAK,8.75,11.530755974060563,0.6666666666666666,0.0
non-seasonal,2024-04-29,34.0,1.0,True,DETECTED OUTBREAK,12.333333333333334,14.829587542027818,0.5,0.0
seasonal,2024-04-29,34.0,1.0,True,DETECTED OUTBREAK,15.333333333333334,17.473789896108208,0.16666666666666666,0.0
non-seasonal,2024-05-06,44.0,1.0,True,DETECTED OUTBREAK,9.416666666666666,11.26388032606881,0.5,0.0
seasonal,2024-05-06,44.0,1.0,True,DETECTED OUTBREAK,10.916666666666666,13.430376018563292,0.5,0.0
non-seasonal,2024-05-13,58.0,1.0,True,DETECTED OUTBREAK,9.583333333333334,11.197097838279346,0.6666666666666666,0.0
seasonal,2024-05-13,58.0,1.0,True,DETECTED OUTBREAK,8.583333333333334,9.262379104024337,0.5,0.0
non-seasonal,2024-05-20,57.0,1.0,True,DETECTED OUTBREAK,10.833333333333334,12.443204303286727,0.3333333333333333,0.0
seasonal,2024-05-20,57.0,1.0,True,DETECTED OUTBREAK,10.25,10.733514491224826,0.16666666666666666,0.0
non-seasonal,2024-05-27,42.0,1.0,True,DETECTED OUTBREAK,10.416666666666666,11.973930014828047,0.5,0.0
seasonal,2024-05-27,42.0,1.0,True,DETECTED OUTBREAK,17.083333333333332,21.19060326339641,0.3333333333333333,0.0
non-seasonal,2024-06-03,38.0,1.0,True,DETECTED OUTBREAK,16.583333333333332,18.566322558151718,0.16666666666666666,0.0
seasonal,2024-06-03,38.0,1.0,True,DETECTED OUTBREAK,24.666666666666668,28.167652842696473,0.16666666666666666,0.0
non-seasonal,2024-06-10,32.0,1.0,True,DETECTED OUTBREAK,21.083333333333332,23.004528539688298,0.16666666666666666,0.0
seasonal,2024-06-10,32.0,1.0,True,DETECTED OUTBREAK,30.25,31.93287230008183,0.0,0.0
non-seasonal,2024-06-17,49.0,1.0,True,DETECTED OUTBREAK,10.583333333333334,13.160863700127486,0.5,0.0
seasonal,2024-06-17,49.0,1.0,True,DETECTED OUTBREAK,24.333333333333332,26.166135875720485,0.0,0.0
non-seasonal,2024-06-24,53.0,1.0,True,DETECTED OUTBREAK,11.583333333333334,13.330728912303833,0.3333333333333333,0.0
seasonal,2024-06-24,53.0,1.0,True,DETECTED OUTBREAK,20.583333333333332,22.50277760633118,0.16666666666666666,0.0
non-seasonal,2024-07-01,47.0,1.0,True,DETECTED OUTBREAK,11.416666666666666,13.88794441233115,0.5,0.0
seasonal,2024-07-01,47.0,1.0,True,DETECTED OUTBREAK,19.166666666666668,20.538581580365605,0.0,0.0
non-seasonal,2024-07-08,65.0,1.0,True,DETECTED OUTBREAK,20.166666666666668,23.101226518664905,0.3333333333333333,0.0
seasonal,2024-07-08,65.0,1.0,True,DETECTED OUTBREAK,8.5,10.835897132525146,0.5,0.0
non-seasonal,2024-07-15,65.0,1.0,True,DETECTED OUTBREAK,30.5,33.24279370530301,0.0,0.0
seasonal,2024-07-15,65.0,1.0,True,DETECTED OUTBREAK,4.666666666666667,5.477225575051661,0.8333333333333334,0.0
non-seasonal,2024-07-22,40.0,1.0,True,DETECTED OUTBREAK,15.75,18.258559636510213,0.3333333333333333,0.0
seasonal,2024-07-22,40.0,1.0,True,DETECTED OUTBREAK,5.583333333333333,7.328596955306884,0.6666666666666666,0.0
non-seasonal,2024-07-29,48.0,1.0,True,DETECTED OUTBREAK,25.166666666666668,27.19987745070432,0.0,0.0
seasonal,2024-07-29,48.0,1.0,True,DETECTED OUTBREAK,2.0,2.449489742783178,1.0,0.0
non-seasonal,2024-08-05,38.0,1.0,True,DETECTED OUTBREAK,19.0,19.689252567496478,0.0,0.0
seasonal,2024-08-05,38.0,1.0,True,DETECTED OUTBREAK,1.5833333333333333,2.131118642090737,1.0,0.0
non-seasonal,2024-08-12,29.0,1.0,True,DETECTED OUTBREAK,16.333333333333332,17.066048165876012,0.0,0.0
seasonal,2024-08-12,29.0,1.0,True,DETECTED OUTBREAK,1.5,1.7795130420052185,1.0,0.0
non-seasonal,2024-08-19,21.0,1.0,True,DETECTED OUTBREAK,11.5,12.523311596112801,0.16666666666666666,0.0
seasonal,2024-08-19,21.0,0.86,True,DETECTED OUTBREAK,1.5833333333333333,1.925703334715224,1.0,0.019600000000000003
non-seasonal,2024-08-26,17.0,1.0,True,DETECTED OUTBREAK,9.583333333333334,10.833974340010226,0.3333333333333333,0.0
seasonal,2024-08-26,17.0,0.6,True,DETECTED OUTBREAK,1.75,1.925703334715224,1.0,0.16000000000000003
non-seasonal,2024-09-02,16.0,0.98,False,FALSE ALARM,9.666666666666666,10.614455552060438,0.16666666666666666,0.9603999999999999
seasonal,2024-09-02,16.0,0.32,False,CORRECT BELOW THRESHOLD,1.9166666666666667,2.207940216581962,1.0,0.1024
non-seasonal,2024-09-09,15.0,0.98,False,FALSE ALARM,10.25,10.647769719523428,0.0,0.9603999999999999
seasonal,2024-09-09,15.0,0.34,False,CORRECT BELOW THRESHOLD,2.5833333333333335,2.806243040080456,1.0,0.11560000000000002
non-seasonal,2024-09-16,11.0,0.96,False,FALSE ALARM,9.083333333333334,9.257879526831905,0.0,0.9216
seasonal,2024-09-16,11.0,0.09,False,CORRECT BELOW THRESHOLD,2.0,2.0816659994661326,1.0,0.0081
non-seasonal,2024-09-23,6.0,0.59,False,FALSE ALARM,5.583333333333333,5.96168320750664,0.3333333333333333,0.34809999999999997
seasonal,2024-09-23,6.0,0.02,False,CORRECT BELOW THRESHOLD,0.9166666666666666,1.3070322617798436,1.0,0.0004
non-seasonal,2024-09-30,7.0,0.53,False,FALSE ALARM,6.166666666666667,7.106335201775948,0.16666666666666666,0.28090000000000004
seasonal,2024-09-30,7.0,0.02,False,CORRECT BELOW THRESHOLD,1.8333333333333333,2.345207879911715,0.8333333333333334,0.0004
non-seasonal,2024-10-07,6.0,0.38,False,CORRECT BELOW THRESHOLD,5.5,6.171169527191206,0.5,0.1444
seasonal,2024-10-07,6.0,0.01,False,CORRECT BELOW THRESHOLD,1.8333333333333333,2.48327740429189,0.8333333333333334,0.0001
non-seasonal,2024-10-14,5.0,0.22,False,CORRECT BELOW THRESHOLD,5.0,5.530220007679019,0.5,0.0484
seasonal,2024-10-14,5.0,0.0,False,CORRECT BELOW THRESHOLD,1.8333333333333333,2.48327740429189,0.8333333333333334,0.0
non-seasonal,2024-10-21,5.0,0.32,False,CORRECT BELOW THRESHOLD,5.083333333333333,5.762667206540157,0.3333333333333333,0.1024
seasonal,2024-10-21,5.0,0.01,False,CORRECT BELOW THRESHOLD,2.0,2.581988897471611,0.8333333333333334,0.0001
non-seasonal,2024-10-28,6.0,0.32,False,CORRECT BELOW THRESHOLD,5.333333333333333,5.744562646538029,0.3333333333333333,0.1024
seasonal,2024-10-28,6.0,0.01,False,CORRECT BELOW THRESHOLD,2.5,2.857738033247041,0.8333333333333334,0.0001
non-seasonal,2024-11-04,5.0,0.27,False,CORRECT BELOW THRESHOLD,6.0,6.324555320336759,0.16666666666666666,0.0729
seasonal,2024-11-04,5.0,0.01,False,CORRECT BELOW THRESHOLD,2.8333333333333335,3.1885210782848317,0.6666666666666666,0.0001
non-seasonal,2024-11-11,1.0,0.14,False,CORRECT BELOW THRESHOLD,4.166666666666667,4.672615256292062,0.5,0.019600000000000003
seasonal,2024-11-11,1.0,0.0,False,CORRECT BELOW THRESHOLD,1.6666666666666667,2.160246899469287,0.8333333333333334,0.0
non-seasonal,2024-11-18,4.0,0.1,False,CORRECT BELOW THRESHOLD,4.333333333333333,4.654746681256314,0.3333333333333333,0.010000000000000002
seasonal,2024-11-18,4.0,0.0,False,CORRECT BELOW THRESHOLD,2.0,2.23606797749979,0.8333333333333334,0.0
non-seasonal,2024-11-25,5.0,0.27,False,CORRECT BELOW THRESHOLD,5.416666666666667,5.762667206540157,0.3333333333333333,0.0729
seasonal,2024-11-25,5.0,0.02,False,CORRECT BELOW THRESHOLD,2.6666666666666665,3.0,0.6666666666666666,0.0004
non-seasonal,2024-12-02,3.0,0.1,False,CORRECT BELOW THRESHOLD,4.416666666666667,4.712571838532897,0.3333333333333333,0.010000000000000002
seasonal,2024-12-02,3.0,0.01,False,CORRECT BELOW THRESHOLD,2.1666666666666665,2.48327740429189,0.8333333333333334,0.0001
non-seasonal,2024-12-09,4.0,0.15,False,CORRECT BELOW THRESHOLD,4.333333333333333,4.509249752822894,0.5,0.0225
seasonal,2024-12-09,4.0,0.02,False,CORRECT BELOW THRESHOLD,2.4166666666666665,2.5900450446533423,0.8333333333333334,0.0004
non-seasonal,2024-12-16,2.0,0.12,False,CORRECT BELOW THRESHOLD,4.333333333333333,4.898979485566356,0.5,0.0144
seasonal,2024-12-16,2.0,0.01,False,CORRECT BELOW THRESHOLD,2.5833333333333335,3.272358986011977,0.6666666666666666,0.0001
non-seasonal,2024-12-23,4.0,0.11,False,CORRECT BELOW THRESHOLD,4.333333333333333,4.795831523312719,0.3333333333333333,0.0121
seasonal,2024-12-23,4.0,0.07,False,CORRECT BELOW THRESHOLD,2.5,2.8722813232690143,0.6666666666666666,0.004900000000000001
non-seasonal,2024-12-30,4.0,0.18,False,CORRECT BELOW THRESHOLD,4.666666666666667,5.131601439446884,0.16666666666666666,0.0324
seasonal,2024-12-30,4.0,0.02,False,CORRECT BELOW THRESHOLD,3.1666666666666665,3.488074922742725,0.5,0.0004
non-seasonal,2025-01-06,2.0,0.16,False,CORRECT BELOW THRESHOLD,4.083333333333333,4.587119648174295,0.5,0.0256
seasonal,2025-01-06,2.0,0.06,False,CORRECT BELOW THRESHOLD,2.25,2.806243040080456,0.6666666666666666,0.0036
non-seasonal,2025-01-13,5.0,0.2,False,CORRECT BELOW THRESHOLD,4.75,5.053876400018768,0.3333333333333333,0.04000000000000001
seasonal,2025-01-13,5.0,0.13,False,CORRECT BELOW THRESHOLD,3.5833333333333335,3.8351444996679502,0.5,0.016900000000000002
non-seasonal,2025-01-20,4.0,0.17,False,CORRECT BELOW THRESHOLD,4.0,4.123105625617661,0.3333333333333333,0.028900000000000006
seasonal,2025-01-20,4.0,0.04,False,CORRECT BELOW THRESHOLD,3.25,3.4217441946079683,0.5,0.0016
non-seasonal,2025-01-27,2.0,0.11,False,CORRECT BELOW THRESHOLD,2.5,2.6770630673681683,0.8333333333333334,0.0121
seasonal,2025-01-27,2.0,0.06,False,CORRECT BELOW THRESHOLD,1.9166666666666667,2.318404623873926,0.8333333333333334,0.0036
non-seasonal,2025-02-03,5.0,0.22,False,CORRECT BELOW THRESHOLD,2.6666666666666665,2.8284271247461903,0.6666666666666666,0.0484
seasonal,2025-02-03,5.0,0.1,False,CORRECT BELOW THRESHOLD,1.8333333333333333,2.1213203435596424,1.0,0.010000000000000002
non-seasonal,2025-02-10,3.0,0.14,False,CORRECT BELOW THRESHOLD,1.8333333333333333,2.5495097567963922,0.8333333333333334,0.019600000000000003
seasonal,2025-02-10,3.0,0.09,False,CORRECT BELOW THRESHOLD,1.3333333333333333,1.7320508075688772,1.0,0.0081
non-seasonal,2025-02-17,5.0,0.33,False,CORRECT BELOW THRESHOLD,1.6666666666666667,2.309401076758503,1.0,0.10890000000000001
seasonal,2025-02-17,5.0,0.13,False,CORRECT BELOW THRESHOLD,1.4166666666666667,1.9685019685029528,1.0,0.016900000000000002
non-seasonal,2025-02-24,4.0,0.18,False,CORRECT BELOW THRESHOLD,1.3333333333333333,1.632993161855452,1.0,0.0324
seasonal,2025-02-24,4.0,0.12,False,CORRECT BELOW THRESHOLD,1.6666666666666667,1.8257418583505538,1.0,0.0144
non-seasonal,2025-03-03,6.0,0.43,True,DETECTED OUTBREAK,2.5,3.13581462037113,0.8333333333333334,0.3249000000000001
seasonal,2025-03-03,6.0,0.24,True,MISSED OUTBREAK,2.3333333333333335,2.958039891549808,0.8333333333333334,0.5776
non-seasonal,2025-03-10,8.0,0.77,True,DETECTED OUTBREAK,2.1666666666666665,2.614064523559687,0.8333333333333334,0.05289999999999999
seasonal,2025-03-10,8.0,0.54,True,DETECTED OUTBREAK,2.1666666666666665,2.614064523559687,1.0,0.21159999999999995
non-seasonal,2025-03-17,10.0,0.88,True,DETECTED OUTBREAK,2.5833333333333335,2.950988534937629,1.0,0.0144
seasonal,2025-03-17,10.0,0.88,True,DETECTED OUTBREAK,2.4166666666666665,2.8357832545289257,1.0,0.0144
non-seasonal,2025-03-24,6.0,0.49,True,DETECTED OUTBREAK,2.8333333333333335,3.9791121287711073,0.8333333333333334,0.2601
seasonal,2025-03-24,6.0,0.41,True,DETECTED OUTBREAK,3.0,3.9157800414902435,0.8333333333333334,0.3481000000000001
non-seasonal,2025-03-31,10.0,0.88,True,DETECTED OUTBREAK,2.75,3.517811819867572,0.8333333333333334,0.0144
seasonal,2025-03-31,10.0,0.8,True,DETECTED OUTBREAK,2.4166666666666665,2.979093821953246,0.8333333333333334,0.03999999999999998
non-seasonal,2025-04-07,12.0,1.0,True,DETECTED OUTBREAK,3.5833333333333335,4.382731264101569,0.8333333333333334,0.0
seasonal,2025-04-07,12.0,1.0,True,DETECTED OUTBREAK,4.5,5.1478150704935,0.8333333333333334,0.0
non-seasonal,2025-04-14,18.0,1.0,True,DETECTED OUTBREAK,5.666666666666667,6.082762530298219,0.6666666666666666,0.0
seasonal,2025-04-14,18.0,1.0,True,DETECTED OUTBREAK,4.25,5.020790110464023,0.6666666666666666,0.0
non-seasonal,2025-04-21,13.0,1.0,True,DETECTED OUTBREAK,1.9166666666666667,2.4916527312876755,1.0,0.0
seasonal,2025-04-21,13.0,0.97,True,DETECTED OUTBREAK,2.6666666666666665,3.013856886670854,1.0,0.0009000000000000016
non-seasonal,2025-04-28,14.0,1.0,True,DETECTED OUTBREAK,2.75,3.588175023601831,0.8333333333333334,0.0
seasonal,2025-04-28,14.0,0.99,True,DETECTED OUTBREAK,2.5833333333333335,2.8357832545289257,1.0,0.00010000000000000018
non-seasonal,2025-05-05,12.0,0.97,True,DETECTED OUTBREAK,2.5,2.798809270624444,1.0,0.0009000000000000016
seasonal,2025-05-05,12.0,0.96,True,DETECTED OUTBREAK,4.0,4.509249752822894,0.8333333333333334,0.001600000000000003
non-seasonal,2025-05-12,11.0,0.96,True,DETECTED OUTBREAK,3.75,4.344536799245692,0.8333333333333334,0.001600000000000003
seasonal,2025-05-12,11.0,0.67,True,DETECTED OUTBREAK,6.25,6.419371724190253,0.3333333333333333,0.10889999999999997
non-seasonal,2025-05-19,19.0,1.0,True,DETECTED OUTBREAK,2.6666666666666665,3.3166247903554,1.0,0.0
seasonal,2025-05-19,19.0,1.0,True,DETECTED OUTBREAK,2.3333333333333335,3.0,0.8333333333333334,0.0
non-seasonal,2025-05-26,18.0,1.0,True,DETECTED OUTBREAK,3.25,3.4460121880225554,1.0,0.0
seasonal,2025-05-26,18.0,1.0,True,DETECTED OUTBREAK,2.3333333333333335,3.0,1.0,0.0
non-seasonal,2025-06-02,21.0,1.0,True,DETECTED OUTBREAK,4.666666666666667,5.057996968497839,0.8333333333333334,0.0
seasonal,2025-06-02,21.0,1.0,True,DETECTED OUTBREAK,4.416666666666667,6.2882164933044935,0.8333333333333334,0.0
non-seasonal,2025-06-09,16.0,1.0,True,DETECTED OUTBREAK,4.083333333333333,5.96168320750664,0.6666666666666666,0.0
seasonal,2025-06-09,16.0,0.98,True,DETECTED OUTBREAK,5.833333333333333,7.926747967062743,0.5,0.0004000000000000007
non-seasonal,2025-06-16,19.0,1.0,True,DETECTED OUTBREAK,6.0,7.895146188218008,0.6666666666666666,0.0
seasonal,2025-06-16,19.0,0.98,True,DETECTED OUTBREAK,4.833333333333333,6.59545297913646,0.6666666666666666,0.0004000000000000007
non-seasonal,2025-06-23,17.0,1.0,True,DETECTED OUTBREAK,6.333333333333333,7.118052168020874,0.5,0.0
seasonal,2025-06-23,17.0,0.92,True,DETECTED OUTBREAK,6.0,7.593857166596345,0.6666666666666666,0.006399999999999993
non-seasonal,2025-06-30,22.0,1.0,True,DETECTED OUTBREAK,10.666666666666666,12.206555615733702,0.16666666666666666,0.0
seasonal,2025-06-30,22.0,1.0,True,DETECTED OUTBREAK,4.0,5.597618541248888,0.6666666666666666,0.0
non-seasonal,2025-07-07,20.0,1.0,True,DETECTED OUTBREAK,12.083333333333334,13.173521422408918,0.0,0.0
seasonal,2025-07-07,20.0,0.98,True,DETECTED OUTBREAK,4.166666666666667,5.522680508593631,0.6666666666666666,0.0004000000000000007
non-seasonal,2025-07-14,30.0,1.0,False,FALSE ALARM,22.833333333333332,23.96872962841377,0.0,1.0
seasonal,2025-07-14,30.0,1.0,False,FALSE ALARM,8.0,8.406346808612328,0.3333333333333333,1.0
non-seasonal,2025-07-21,11.0,1.0,False,FALSE ALARM,9.333333333333334,10.801234497346433,0.3333333333333333,1.0
seasonal,2025-07-21,11.0,0.48,False,FALSE ALARM,3.5,3.763863263545405,0.6666666666666666,0.2304
non-seasonal,2025-07-28,15.0,1.0,False,FALSE ALARM,13.583333333333334,14.85064532829017,0.16666666666666666,1.0
seasonal,2025-07-28,15.0,0.43,False,FALSE ALARM,4.333333333333333,4.804511768466525,0.8333333333333334,0.18489999999999998
non-seasonal,2025-08-04,14.0,1.0,False,FALSE ALARM,12.166666666666666,12.376052143824648,0.0,1.0
seasonal,2025-08-04,14.0,0.37,False,CORRECT BELOW THRESHOLD,4.833333333333333,5.180090089306685,0.16666666666666666,0.1369
non-seasonal,2025-08-11,8.0,0.87,False,FALSE ALARM,8.75,9.002314517204265,0.0,0.7569
seasonal,2025-08-11,8.0,0.03,False,CORRECT BELOW THRESHOLD,3.1666666666666665,3.391164991562634,0.8333333333333334,0.0009
non-seasonal,2025-08-18,3.0,0.38,False,CORRECT BELOW THRESHOLD,5.5,5.84522597225006,0.5,0.1444
seasonal,2025-08-18,3.0,0.02,False,CORRECT BELOW THRESHOLD,1.1666666666666667,1.5811388300841898,1.0,0.0004
non-seasonal,2025-08-25,5.0,0.29,False,CORRECT BELOW THRESHOLD,5.083333333333333,5.660535899247232,0.3333333333333333,0.0841
seasonal,2025-08-25,5.0,0.0,False,CORRECT BELOW THRESHOLD,1.75,2.282177322938192,0.8333333333333334,0.0
non-seasonal,2025-09-01,5.0,0.25,False,CORRECT BELOW THRESHOLD,5.75,6.406377031260856,0.3333333333333333,0.0625
seasonal,2025-09-01,5.0,0.0,False,CORRECT BELOW THRESHOLD,2.6666666666666665,3.0550504633038935,0.6666666666666666,0.0
non-seasonal,2025-09-08,4.0,0.29,False,CORRECT BELOW THRESHOLD,5.0,5.597618541248888,0.3333333333333333,0.0841
seasonal,2025-09-08,4.0,0.0,False,CORRECT BELOW THRESHOLD,1.9166666666666667,2.2453655975512468,0.6666666666666666,0.0
non-seasonal,2025-09-15,6.0,0.41,False,FALSE ALARM,6.25,6.57330459763834,0.16666666666666666,0.16809999999999997
seasonal,2025-09-15,6.0,0.01,False,CORRECT BELOW THRESHOLD,2.5,2.857738033247041,0.6666666666666666,0.0001
non-seasonal,2025-09-22,3.0,0.25,False,CORRECT BELOW THRESHOLD,4.25,4.765326151831932,0.6666666666666666,0.0625
seasonal,2025-09-22,3.0,0.0,False,CORRECT BELOW THRESHOLD,1.4166666666666667,2.131118642090737,0.8333333333333334,0.0
non-seasonal,2025-09-29,4.0,0.15,False,CORRECT BELOW THRESHOLD,3.5833333333333335,3.8783587594066984,0.5,0.0225
seasonal,2025-09-29,4.0,0.0,False,CORRECT BELOW THRESHOLD,1.5,2.041241452319315,0.8333333333333334,0.0
non-seasonal,2025-10-06,2.0,0.19,False,CORRECT BELOW THRESHOLD,2.6666666666666665,3.0413812651491097,0.8333333333333334,0.0361
seasonal,2025-10-06,2.0,0.0,False,CORRECT BELOW THRESHOLD,1.8333333333333333,2.1213203435596424,0.8333333333333334,0.0
non-seasonal,2025-10-13,1.0,0.11,False,CORRECT BELOW THRESHOLD,1.5833333333333333,1.6457014715109584,1.0,0.0121
seasonal,2025-10-13,1.0,0.02,False,CORRECT BELOW THRESHOLD,2.3333333333333335,3.0,0.8333333333333334,0.0004
non-seasonal,2025-10-20,7.0,0.28,False,CORRECT BELOW THRESHOLD,1.0833333333333333,1.241638702145945,1.0,0.07840000000000001
seasonal,2025-10-20,7.0,0.02,False,CORRECT BELOW THRESHOLD,2.6666666666666665,3.366501646120693,0.6666666666666666,0.0004
non-seasonal,2025-10-27,5.0,0.27,False,CORRECT BELOW THRESHOLD,1.4166666666666667,1.8819316317727024,1.0,0.0729
seasonal,2025-10-27,5.0,0.02,False,CORRECT BELOW THRESHOLD,2.9166666666666665,3.4701104689428357,0.6666666666666666,0.0004
non-seasonal,2025-11-03,6.0,0.43,False,FALSE ALARM,2.25,3.115819849306653,0.8333333333333334,0.18489999999999998
seasonal,2025-11-03,6.0,0.02,False,CORRECT BELOW THRESHOLD,3.1666666666666665,3.763863263545405,0.6666666666666666,0.0004
non-seasonal,2025-11-10,7.0,0.55,False,FALSE ALARM,3.5,4.564354645876384,0.6666666666666666,0.30250000000000005
seasonal,2025-11-10,7.0,0.01,False,CORRECT BELOW THRESHOLD,2.6666666666666665,3.2145502536643185,0.6666666666666666,0.0001
non-seasonal,2025-11-17,8.0,0.57,False,FALSE ALARM,5.333333333333333,6.0,0.5,0.32489999999999997
seasonal,2025-11-17,8.0,0.04,False,CORRECT BELOW THRESHOLD,3.0,3.559026084010437,0.6666666666666666,0.0016
non-seasonal,2025-11-24,12.0,0.97,False,FALSE ALARM,8.583333333333334,9.842509842514763,0.16666666666666666,0.9409
seasonal,2025-11-24,12.0,0.21,False,CORRECT BELOW THRESHOLD,3.0833333333333335,3.3726843908080104,1.0,0.04409999999999999
non-seasonal,2025-12-01,12.0,0.97,True,DETECTED OUTBREAK,8.583333333333334,8.937281465859739,0.3333333333333333,0.0009000000000000016
seasonal,2025-12-01,12.0,0.36,True,MISSED OUTBREAK,5.833333333333333,6.745368781616021,0.5,0.4096
non-seasonal,2025-12-08,8.0,0.83,True,DETECTED OUTBREAK,6.0,6.576473218982953,0.3333333333333333,0.028900000000000012
seasonal,2025-12-08,8.0,0.14,True,MISSED OUTBREAK,6.166666666666667,7.199537022151725,0.16666666666666666,0.7395999999999999
non-seasonal,2025-12-15,6.0,0.53,True,DETECTED OUTBREAK,6.666666666666667,7.118052168020874,0.16666666666666666,0.22089999999999999
seasonal,2025-12-15,6.0,0.07,True,MISSED OUTBREAK,7.416666666666667,9.076067430335673,0.5,0.8648999999999999
non-seasonal,2025-12-22,4.0,0.27,True,MISSED OUTBREAK,6.916666666666667,8.228507357554792,0.5,0.5328999999999999
seasonal,2025-12-22,4.0,0.02,True,MISSED OUTBREAK,8.0,10.14889156509222,0.3333333333333333,0.9603999999999999
non-seasonal,2025-12-29,5.0,0.19,True,MISSED OUTBREAK,10.833333333333334,12.95505049520585,0.3333333333333333,0.6561000000000001
seasonal,2025-12-29,5.0,0.08,True,MISSED OUTBREAK,12.333333333333334,14.583095236151571,0.16666666666666666,0.8464
non-seasonal,2026-01-05,5.0,0.31,True,MISSED OUTBREAK,13.75,14.979152178945242,0.16666666666666666,0.4760999999999999
seasonal,2026-01-05,5.0,0.1,True,MISSED OUTBREAK,15.5,16.527754435090895,0.0,0.81
non-seasonal,2026-01-12,23.0,1.0,True,DETECTED OUTBREAK,7.416666666666667,8.710625695092173,0.5,0.0
seasonal,2026-01-12,23.0,0.77,True,DETECTED OUTBREAK,9.083333333333334,11.563231958813823,0.3333333333333333,0.05289999999999999
non-seasonal,2026-01-19,17.0,1.0,True,DETECTED OUTBREAK,7.083333333333333,8.388980867781259,0.5,0.0
seasonal,2026-01-19,17.0,0.94,True,DETECTED OUTBREAK,7.416666666666667,10.56921630648807,0.5,0.0036000000000000064
non-seasonal,2026-01-26,22.0,1.0,True,DETECTED OUTBREAK,12.25,13.88794441233115,0.16666666666666666,0.0
seasonal,2026-01-26,22.0,1.0,True,DETECTED OUTBREAK,9.166666666666666,10.25508004194344,0.5,0.0
non-seasonal,2026-02-02,14.0,1.0,True,DETECTED OUTBREAK,8.583333333333334,10.03535417079703,0.3333333333333333,0.0
seasonal,2026-02-02,14.0,0.99,True,DETECTED OUTBREAK,8.083333333333334,10.1098137140767,0.5,0.00010000000000000018
non-seasonal,2026-02-09,33.0,1.0,True,DETECTED OUTBREAK,16.333333333333332,18.085445345175586,0.16666666666666666,0.0
seasonal,2026-02-09,33.0,1.0,True,DETECTED OUTBREAK,13.0,14.332364308329128,0.16666666666666666,0.0
non-seasonal,2026-02-16,29.0,1.0,True,DETECTED OUTBREAK,17.333333333333332,17.99073835801818,0.0,0.0
seasonal,2026-02-16,29.0,1.0,True,DETECTED OUTBREAK,13.833333333333334,14.623041179362566,0.16666666666666666,0.0
non-seasonal,2026-02-23,15.0,1.0,True,DETECTED OUTBREAK,6.166666666666667,7.011894655987543,0.5,0.0
seasonal,2026-02-23,15.0,1.0,True,DETECTED OUTBREAK,5.916666666666667,6.623820649745885,0.5,0.0
non-seasonal,2026-03-02,18.0,1.0,True,DETECTED OUTBREAK,5.916666666666667,7.260050504874834,0.5,0.0
seasonal,2026-03-02,18.0,1.0,True,DETECTED OUTBREAK,5.166666666666667,6.363961030678928,0.5,0.0
non-seasonal,2026-03-09,8.0,0.97,True,DETECTED OUTBREAK,5.666666666666667,7.461009761866464,0.5,0.0009000000000000016
seasonal,2026-03-09,8.0,0.82,True,DETECTED OUTBREAK,6.416666666666667,8.349151653511472,0.5,0.03240000000000002
non-seasonal,2026-03-16,13.0,1.0,True,DETECTED OUTBREAK,6.0,6.97614984548545,0.6666666666666666,0.0
seasonal,2026-03-16,13.0,1.0,True,DETECTED OUTBREAK,5.333333333333333,6.855654600401044,0.6666666666666666,0.0
non-seasonal,2026-03-23,13.0,0.98,True,DETECTED OUTBREAK,6.0,7.52772652709081,0.5,0.0004000000000000007
seasonal,2026-03-23,13.0,0.96,True,DETECTED OUTBREAK,6.0,7.767453465154029,0.5,0.001600000000000003
