stage,trial,objective,gamma,local_mixing,contact_scale,sick_contact_multiplier,sick_mobility_multiplier,seed_infections_per_week,initial_exposed_per_case,initial_infectious_per_case
initial_state_optimization,84,4.477547028840588,0.0573278867657486,0.2840867974733778,0.3311132242529514,0.6131405028377441,0.14945886653215776,6.021425722249178,2.396177839038679,0.4564485247613753
initial_state_optimization,83,4.477547029149133,0.0573278867657486,0.2840867974733778,0.3311132242529514,0.6131405028377441,0.14945886653215776,6.021425722249178,2.396216639508663,0.4564320981357957
initial_state_optimization,85,4.477547029221148,0.0573278867657486,0.2840867974733778,0.3311132242529514,0.6131405028377441,0.14945886653215776,6.021425722249178,2.3961390385692707,0.4564649513867112
initial_state_optimization,75,4.477547034797972,0.0573278867657486,0.2840867974733778,0.3311132242529514,0.6131405028377441,0.14945886653215776,6.021425722249178,2.396018516580104,0.45651597575809044
initial_state_optimization,76,4.477547046580049,0.0573278867657486,0.2840867974733778,0.3311132242529514,0.6131405028377441,0.14945886653215776,6.021425722249178,2.396018516580104,0.4568493091108813
initial_state_optimization,77,4.477547369017307,0.0573278867657486,0.2840867974733778,0.3311132242529514,0.6131405028377441,0.14945886653215776,6.021425722249178,2.396018516580104,0.45618264240529954
initial_state_optimization,82,4.477548024018105,0.0573278867657486,0.2840867974733778,0.3311132242529514,0.6131405028377441,0.14945886653215776,6.021425722249178,2.3982652625222376,0.45556479000237304
initial_state_optimization,81,4.477548225146249,0.0573278867657486,0.2840867974733778,0.3311132242529514,0.6131405028377441,0.14945886653215776,6.021425722249178,2.3984663188008732,0.45547967051255905
initial_state_optimization,62,4.477550350479094,0.0573278867657486,0.2840867974733778,0.3311132242529514,0.6131405028377441,0.14945886653215776,6.021425722249178,2.396018516580104,0.4552041492174645
initial_state_optimization,63,4.477550350750213,0.0573278867657486,0.2840867974733778,0.3311132242529514,0.6131405028377441,0.14945886653215776,6.021425722249178,2.395984263127993,0.4552186508106891
initial_state_optimization,60,4.477550350768928,0.0573278867657486,0.2840867974733778,0.3311132242529514,0.6131405028377441,0.14945886653215776,6.021425722249178,2.3960542338529094,0.4551890278988995
initial_state_optimization,59,4.477551342936816,0.0573278867657486,0.2840867974733778,0.3311132242529514,0.6131405028377441,0.14945886653215776,6.021425722249178,2.398100184766808,0.45432285102963166
initial_state_optimization,58,4.477551379655549,0.0573278867657486,0.2840867974733778,0.3311132242529514,0.6131405028377441,0.14945886653215776,6.021425722249178,2.39813834348655,0.45430669609640384
initial_state_optimization,74,4.477570024860841,0.0573278867657486,0.2840867974733778,0.3311132242529514,0.6131405028377441,0.14945886653215776,6.021425722249178,2.396018516580104,0.45282905052609834
initial_state_optimization,54,4.477593050701645,0.0573278867657486,0.2840867974733778,0.3311132242529514,0.6131405028377441,0.14945886653215776,6.021425722249178,2.382372292240755,0.46098143536606506
initial_state_optimization,73,4.478217756859326,0.0573278867657486,0.2840867974733778,0.3311132242529514,0.6131405028377441,0.14945886653215776,6.021425722249178,2.396018516580104,0.47754573380412074
initial_state_optimization,61,4.479663118837656,0.0573278867657486,0.2840867974733778,0.3311132242529514,0.6131405028377441,0.14945886653215776,6.021425722249178,2.3002897538186935,0.49573202281612994
initial_state_optimization,72,4.479858691674618,0.0573278867657486,0.2840867974733778,0.3311132242529514,0.6131405028377441,0.14945886653215776,6.021425722249178,2.396018516580104,0.4956080678738501
initial_state_optimization,51,4.480678538232444,0.0573278867657486,0.2840867974733778,0.3311132242529514,0.6131405028377441,0.14945886653215776,6.021425722249178,2.2796171154440574,0.5044840222239391
initial_state_optimization,52,4.480678635057364,0.0573278867657486,0.2840867974733778,0.3311132242529514,0.6131405028377441,0.14945886653215776,6.021425722249178,2.2796171154440574,0.50481735620252
initial_state_optimization,53,4.480678778806487,0.0573278867657486,0.2840867974733778,0.3311132242529514,0.6131405028377441,0.14945886653215776,6.021425722249178,2.2796171154440574,0.504150688245358
initial_state_optimization,50,4.48068442164547,0.0573278867657486,0.2840867974733778,0.3311132242529514,0.6131405028377441,0.14945886653215776,6.021425722249178,2.2796171154440574,0.5025861238117205
initial_state_optimization,49,4.480938376493274,0.0573278867657486,0.2840867974733778,0.3311132242529514,0.6131405028377441,0.14945886653215776,6.021425722249178,2.2796171154440574,0.5176827475828019
initial_state_optimization,48,4.4817521315371565,0.0573278867657486,0.2840867974733778,0.3311132242529514,0.6131405028377441,0.14945886653215776,6.021425722249178,2.2796171154440574,0.5313332097289971
initial_state_optimization,38,4.483478851164083,0.0573278867657486,0.2840867974733778,0.3311132242529514,0.6131405028377441,0.14945886653215776,6.021425722249178,2.2796171154440574,0.5479866090818131
initial_state_optimization,37,4.483478859465246,0.0573278867657486,0.2840867974733778,0.3311132242529514,0.6131405028377441,0.14945886653215776,6.021425722249178,2.2799504503064405,0.5479866090818131
initial_state_optimization,39,4.483478950932366,0.0573278867657486,0.2840867974733778,0.3311132242529514,0.6131405028377441,0.14945886653215776,6.021425722249178,2.2792837805866184,0.5479866090818131
initial_state_optimization,36,4.483480004748848,0.0573278867657486,0.2840867974733778,0.3311132242529514,0.6131405028377441,0.14945886653215776,6.021425722249178,2.27821170391442,0.5479866090818131
initial_state_optimization,35,4.483707899123217,0.0573278867657486,0.2840867974733778,0.3311132242529514,0.6131405028377441,0.14945886653215776,6.021425722249178,2.2580943724986713,0.5479866090818131
initial_state_optimization,34,4.4882269492945825,0.0573278867657486,0.2840867974733778,0.3311132242529514,0.6131405028377441,0.14945886653215776,6.021425722249178,2.379399405207527,0.5479866090818131
initial_state_optimization,24,4.488718775181485,0.0573278867657486,0.2840867974733778,0.3311132242529514,0.6131405028377441,0.14945886653215776,6.021425722249178,2.17686193864736,0.5479866090818131
initial_state_optimization,25,4.4887189080928005,0.0573278867657486,0.2840867974733778,0.3311132242529514,0.6131405028377441,0.14945886653215776,6.021425722249178,2.17686193864736,0.5483199436628308
initial_state_optimization,26,4.4887189721513385,0.0573278867657486,0.2840867974733778,0.3311132242529514,0.6131405028377441,0.14945886653215776,6.021425722249178,2.17686193864736,0.5476532745007954
initial_state_optimization,23,4.4887202547852825,0.0573278867657486,0.2840867974733778,0.3311132242529514,0.6131405028377441,0.14945886653215776,6.021425722249178,2.17686193864736,0.5470202873627114
initial_state_optimization,22,4.488814653643718,0.0573278867657486,0.2840867974733778,0.3311132242529514,0.6131405028377441,0.14945886653215776,6.021425722249178,2.17686193864736,0.5560723698280615
initial_state_optimization,21,4.489260321575305,0.0573278867657486,0.2840867974733778,0.3311132242529514,0.6131405028377441,0.14945886653215776,6.021425722249178,2.17686193864736,0.5672125125558521
initial_state_optimization,79,4.491972335038839,0.0573278867657486,0.2840867974733778,0.3311132242529514,0.6131405028377441,0.14945886653215776,6.021425722249178,2.147254608229989,0.561833039749098
initial_state_optimization,56,4.492195622850412,0.0573278867657486,0.2840867974733778,0.3311132242529514,0.6131405028377441,0.14945886653215776,6.021425722249178,2.145339570208371,0.5613319665979231
initial_state_optimization,57,4.4923029730632535,0.0573278867657486,0.2840867974733778,0.3311132242529514,0.6131405028377441,0.14945886653215776,6.021425722249178,2.6517855435977293,0.3469222343293372
initial_state_optimization,80,4.492538255722133,0.0573278867657486,0.2840867974733778,0.3311132242529514,0.6131405028377441,0.14945886653215776,6.021425722249178,2.654152660771946,0.3472319145676133
initial_state_optimization,11,4.4987872275936365,0.0573278867657486,0.2840867974733778,0.3311132242529514,0.6131405028377441,0.14945886653215776,6.021425722249178,2.17686193864736,0.6321054722858884
initial_state_optimization,12,4.498787283545695,0.0573278867657486,0.2840867974733778,0.3311132242529514,0.6131405028377441,0.14945886653215776,6.021425722249178,2.176528604621493,0.6321054722858884
initial_state_optimization,10,4.498787294895574,0.0573278867657486,0.2840867974733778,0.3311132242529514,0.6131405028377441,0.14945886653215776,6.021425722249178,2.177238363045579,0.6321054722858884
initial_state_optimization,9,4.498789841151193,0.0573278867657486,0.2840867974733778,0.3311132242529514,0.6131405028377441,0.14945886653215776,6.021425722249178,2.1745542865827896,0.6321054722858884
initial_state_optimization,8,4.499277560172252,0.0573278867657486,0.2840867974733778,0.3311132242529514,0.6131405028377441,0.14945886653215776,6.021425722249178,2.1452675778929464,0.6321054722858884
initial_state_optimization,0,4.499843325097624,0.0573278867657486,0.2840867974733778,0.3311132242529514,0.6131405028377441,0.14945886653215776,6.021425722249178,2.2235525242861516,0.6321054722858884
refinement,73,4.499843325097624,0.0573278867657486,0.2840867974733778,0.3311132242529514,0.6131405028377441,0.14945886653215776,6.021425722249178,2.2235525242861516,0.6321054722858884
initial_state_optimization,7,4.506979884300374,0.0573278867657486,0.2840867974733778,0.3311132242529514,0.6131405028377441,0.14945886653215776,6.021425722249178,2.307815573498294,0.6321054722858884
initial_state_optimization,27,4.510919665160036,0.0573278867657486,0.2840867974733778,0.3311132242529514,0.6131405028377441,0.14945886653215776,6.021425722249178,2.1301713530085684,0.4638677458777377
initial_state_optimization,19,4.516215347408838,0.0573278867657486,0.2840867974733778,0.3311132242529514,0.6131405028377441,0.14945886653215776,6.021425722249178,2.17686193864736,0.6888370749726607
initial_state_optimization,33,4.51637286899655,0.0573278867657486,0.2840867974733778,0.3311132242529514,0.6131405028377441,0.14945886653215776,6.021425722249178,2.5455867155502507,0.5479866090818131
initial_state_optimization,46,4.527795252722775,0.0573278867657486,0.2840867974733778,0.3311132242529514,0.6131405028377441,0.14945886653215776,6.021425722249178,2.2796171154440574,0.6888370749726607
initial_state_optimization,6,4.546368618934944,0.0573278867657486,0.2840867974733778,0.3311132242529514,0.6131405028377441,0.14945886653215776,6.021425722249178,2.4973351384473137,0.6321054722858884
initial_state_optimization,70,4.552366746595669,0.0573278867657486,0.2840867974733778,0.3311132242529514,0.6131405028377441,0.14945886653215776,6.021425722249178,2.396018516580104,0.6888370749726608
initial_state_optimization,20,4.562076900261871,0.0573278867657486,0.2840867974733778,0.3311132242529514,0.6131405028377441,0.14945886653215776,6.021425722249178,2.17686193864736,0.3383450958133972
initial_state_optimization,47,4.594156574925917,0.0573278867657486,0.2840867974733778,0.3311132242529514,0.6131405028377441,0.14945886653215776,6.021425722249178,2.2796171154440574,0.25076328194197584
refinement,72,4.596791334874103,0.06407606765803146,0.3303023273666536,0.24064257909085315,0.6251242021582131,0.16184726159304583,7.472846008334164,2.585691187049926,0.5175122878939376
initial_state_optimization,71,4.6555541368439,0.0573278867657486,0.2840867974733778,0.3311132242529514,0.6131405028377441,0.14945886653215776,6.021425722249178,2.396018516580104,0.14934855628815513
initial_state_optimization,31,4.662524346959857,0.0573278867657486,0.2840867974733778,0.3311132242529514,0.6131405028377441,0.14945886653215776,6.021425722249178,2.9179606750063094,0.5479866090818131
refinement,71,4.673104542614981,0.06549188352870577,0.33623306255219965,0.2621219128949411,0.4861411858251702,0.15000567651523714,8.181976641300075,2.2091351405760933,0.7053564337304662
refinement,75,4.674230334996925,0.07949223130657994,0.2905375448204812,0.27111013149158114,0.5752207485165517,0.17350522401417212,6.709466221061551,1.6197277913763581,0.7894062817510576
refinement,56,4.686406610279069,0.07808628203240495,0.36343643358115163,0.3006760454355833,0.402698916680486,0.13158612619363438,7.42431876109235,1.3988262500786093,0.7424194266668277
initial_state_optimization,4,4.737437878609314,0.0573278867657486,0.2840867974733778,0.3311132242529514,0.6131405028377441,0.14945886653215776,6.021425722249178,2.917960675006309,0.6321054722858884
initial_state_optimization,78,4.7626266887100845,0.0573278867657486,0.2840867974733778,0.3311132242529514,0.6131405028377441,0.14945886653215776,6.021425722249178,1.3270763303859727,0.9090649543167113
initial_state_optimization,55,4.763468621218257,0.0573278867657486,0.2840867974733778,0.3311132242529514,0.6131405028377441,0.14945886653215776,6.021425722249178,1.3258927717988644,0.9082542009272603
refinement,66,4.818929099716043,0.06910346218049439,0.5031466649833297,0.21737102615748807,0.39296775196577166,0.11595491931957479,7.574994455104018,1.8577257657886264,0.9720623222290202
refinement,65,4.856830078214457,0.05555555555555555,0.3143822312580668,0.32730388547117883,0.33591633654581027,0.13323366104753034,6.042085520209712,2.026484708765332,0.46884001856211777
initial_state_optimization,18,4.863703756447617,0.0573278867657486,0.2840867974733778,0.3311132242529514,0.6131405028377441,0.14945886653215776,6.021425722249178,2.17686193864736,1.1145618000168245
refinement,57,4.87416434176632,0.07956092181584534,0.3635000106781729,0.3371406069452366,0.4432345109699678,0.10103552779707121,6.254685073190007,1.780009561222064,0.7231810967168383
refinement,79,4.876036283385721,0.06363984189508229,0.213095531670953,0.3362786202403197,0.5023284076641221,0.1099044035255718,4.539927568420018,2.189440842567503,0.4652592316819874
refinement,49,4.879136095013597,0.11132520511901624,0.3143274897106499,0.3326994963251121,0.4305188894963883,0.12943798162423192,7.633787741495686,0.9479291734932199,0.4852911805921323
refinement,40,4.888721506364242,0.11884002230389203,0.29527944754703433,0.2689932187528662,0.4566413527316252,0.14092274375179925,6.709275969378725,1.1669283077180626,0.6726987956784815
refinement,69,4.9109262552126065,0.08257280596274132,0.33923736697645795,0.2190226737894823,0.37387601433545087,0.1208834835312573,8.525784420826447,1.8631592623355038,0.757560922308383
refinement,36,4.912553986874299,0.1165547721960827,0.4751046012010079,0.19799908139269567,0.4396917178628332,0.15307147850854994,6.182759011741126,1.1584835461670453,0.957276309943125
initial_state_optimization,45,4.915963225262687,0.0573278867657486,0.2840867974733778,0.3311132242529514,0.6131405028377441,0.14945886653215776,6.021425722249178,2.2796171154440574,1.1145618000168245
initial_state_optimization,69,4.984531199131476,0.0573278867657486,0.2840867974733778,0.3311132242529514,0.6131405028377441,0.14945886653215776,6.021425722249178,2.396018516580104,1.1145618000168245
refinement,62,5.031017404819967,0.07589887460338919,0.3902093443481589,0.26071828675151987,0.25298821848903985,0.12704964915400574,7.578634222975521,1.3850632022120386,1.0205382766775497
refinement,41,5.099784482088776,0.11148663108514222,0.33691756596036165,0.2348505816019882,0.5427525204899243,0.15656395029395292,5.3403932889642,0.8102510742711385,1.1378105927253876
refinement,44,5.125853628058907,0.10650734409820235,0.21740368998569026,0.4873079532253048,0.44370092271458916,0.09794668252040756,6.562108556368258,0.13972446976231903,1.131677588015858
refinement,58,5.137794754825174,0.08445841026056984,0.4418336377705331,0.12285527384999573,0.48458367077564085,0.17274390046923677,9.04100153202478,2.0422895283163878,0.8627579582578738
refinement,47,5.209236480822157,0.11473824067578423,0.2798280968148831,0.27801150798648167,0.3988166986645604,0.16328301006937707,6.737483644418319,0.9099999547547977,1.1193798891672297
refinement,37,5.292676654220205,0.13811529690555457,0.496560502141633,0.21460573301137317,0.4889776120114435,0.14333333688897243,6.859310040898536,0.792595703824475,1.1255434366558619
refinement,28,5.303120195829764,0.13226154431026912,0.48903643857337015,0.17387580936487249,0.48686084651113726,0.1519271814588675,10.103639753159905,0.8305016980255187,0.8175532310086977
refinement,77,5.373902839752646,0.05555555555555555,0.2730202252622134,0.11852157517872788,0.6974485368328053,0.19158704842913796,5.723165054780967,2.737948846736592,0.5109512048575572
refinement,48,5.384131222391419,0.12148645093877312,0.28136133773264926,0.20976626695110065,0.46776976803531006,0.15307464980404162,6.311109770031439,1.5020990752126357,0.4030656331803841
refinement,33,5.414441553697487,0.14310906072761362,0.4235352548556423,0.22782385224875215,0.5726452341697574,0.13982715080054642,8.934224445099778,0.3655593563533432,0.4828322163521377
refinement,35,5.567773161007448,0.12979078726584603,0.44098434417584403,0.22732439386719777,0.41672322825846936,0.13453349910534917,10.264444755363996,0.9099272336207348,0.9097460208067402
refinement,16,5.59996305781338,0.14691710767840532,0.5616531630446134,0.10882317054435423,0.6167286183542449,0.15091340815180274,12.26088433855865,0.8609554989384604,0.5073102170792544
refinement,64,5.601823388689843,0.06139890269911328,0.38617416111218583,0.4919755727390197,0.2840461175267789,0.09893281928387948,8.089439703855003,1.8788393262454344,0.68470015780091
refinement,17,5.618934950888901,0.16110481643038263,0.6122168306582222,0.07209277181597268,0.628177012078023,0.18899830231801526,10.45823429751195,1.2887109263357908,0.6011416174373794
refinement,30,5.633276088906581,0.12670466192429686,0.43375432087415855,0.16063198079671204,0.4590982185078197,0.21050487008214097,11.320256118436674,0.6974028001862131,0.4522955929829959
refinement,42,5.64163660336119,0.09696679718724086,0.35186963150959516,0.21274614865072033,0.6119540172736357,0.1681555374511169,6.022052462897899,0.7119310921473904,0.5515624999384272
refinement,61,5.686721049515286,0.08261906571669345,0.4136121899050355,0.37568707255614997,0.4229408446034323,0.0999779005316568,7.740819002971516,1.4134104805040888,0.5468801947578544
refinement,45,5.71952018196353,0.12889281478341785,0.26250275855032074,0.34364781508567105,0.3133897873788996,0.14469437536981158,7.812762025409657,1.7290743533893254,1.0654135491168848
refinement,59,5.722770564206382,0.08044105625796676,0.41875399336794217,0.4548757525784797,0.3848953240145447,0.140099261073807,6.115784187211873,0.8369597518747515,0.6530515582773735
initial_state_optimization,32,5.757002222727832,0.0573278867657486,0.2840867974733778,0.3311132242529514,0.6131405028377441,0.14945886653215776,6.021425722249178,0.8776351425615523,0.5479866090818131
refinement,13,5.814909971721715,0.13243112413835456,0.6335486704544542,0.06778545933506976,0.796943211612153,0.13606440972100026,12.24111737332362,0.7681859421878664,1.1704693561083772
refinement,50,5.851058184094978,0.12448024726140958,0.23332510909795473,0.2728819626529185,0.2932796306908862,0.13623530797965738,7.533402220108939,0.7989054974990154,1.0132794128016458
refinement,24,5.894143918268451,0.11390837210115687,0.511479222481409,0.17292216131689755,0.7259628260831351,0.16647525726041795,11.447002082928353,1.2371114242779901,0.2110423427896866
initial_state_optimization,17,5.982138354517719,0.0573278867657486,0.2840867974733778,0.3311132242529514,0.6131405028377441,0.14945886653215776,6.021425722249178,2.17686193864736,1.803398874989485
refinement,76,5.995045363990587,0.05555555555555555,0.28815499688540563,0.09820779847292499,0.609260240104193,0.10716070945355931,5.937244945201359,2.320773174052977,0.7241652986928717
initial_state_optimization,44,6.081735995249231,0.0573278867657486,0.2840867974733778,0.3311132242529514,0.6131405028377441,0.14945886653215776,6.021425722249178,2.2796171154440574,1.803398874989485
refinement,63,6.082246537408976,0.07504672160453713,0.3457602972993136,0.14013977226722077,0.3908798741982996,0.11082675551077567,7.199387076931341,1.381347527520754,0.914299295529215
initial_state_optimization,5,6.134941558007721,0.0573278867657486,0.2840867974733778,0.3311132242529514,0.6131405028377441,0.14945886653215776,6.021425722249178,0.624827089861351,0.6321054722858884
refinement,43,6.1379607202162125,0.12246128064617978,0.23370769238700279,0.16450176153640597,0.4125262776576419,0.1345022165867595,8.304997487518513,1.3614474992525587,0.2931506274590791
refinement,20,6.144848847425622,0.1523359843015732,0.501647924798768,0.07476913452623088,0.4788474331476085,0.18126439935528915,14.927312443245102,1.2397499253955813,0.0
refinement,31,6.15646263982566,0.12030145890982345,0.6027428426562563,0.09484471093114094,0.4883401363417677,0.13093183839453001,11.668378028620475,0.6568122371551591,1.6418219284478495
refinement,14,6.1633807514645165,0.1434445432272279,0.7218064991258999,0.044800636182342535,0.7260820416715251,0.14606572296208822,9.914867670210779,0.9635143259841723,1.1947498970408335
refinement,52,6.19779197654581,0.110764623218137,0.29095842976496095,0.1356884002163217,0.38568559334312985,0.11016225334858099,6.439558042043028,1.8610367205974307,0.29851294735535644
initial_state_optimization,68,6.201741035575711,0.0573278867657486,0.2840867974733778,0.3311132242529514,0.6131405028377441,0.14945886653215776,6.021425722249178,2.396018516580104,1.8033988749894851
refinement,68,6.23472726229773,0.08086332237424704,0.3282097489314343,0.48537357419190374,0.4871065125137059,0.1228224369065915,7.3744323557830045,1.271386543725445,0.38264734037180925
refinement,34,6.236924558706681,0.14486087360552402,0.53726904327107,0.12294899750897122,0.47730031493535924,0.1477573104267833,10.154290093602077,1.163153319261867,1.489309111254043
refinement,29,6.2743047328556685,0.13096780013811352,0.6074470052098169,0.24373419006311728,0.3497887156258179,0.16023434167913309,8.435012457841855,0.9356866780969192,0.8585356591765596
refinement,15,6.308867378575901,0.11035821820526999,0.7448152176730404,0.04892776952742743,0.5271853910689042,0.14813975489270625,11.018959593135454,0.5540436773567188,1.0270624844302816
refinement,10,6.311406502694021,0.1560108662214045,0.6466621903634217,0.04578177190375127,0.7651282882302061,0.08662693771393436,13.22893781716477,0.8587912682129447,1.2520027651591523
refinement,1,6.31946776477999,0.18427895031198652,0.5199520693811426,0.07171460857719793,0.6705120741111195,0.14338848174669136,10.913273987785029,0.9920308370587645,1.2425022589677341
refinement,12,6.33351817529223,0.16956017266846046,0.7218797980279426,0.046056817756175567,0.7955483440931543,0.06595635268975819,10.756653209280547,0.8679146143459074,0.08721332954712667
refinement,6,6.427468214059291,0.21627811171010694,0.5626301034859954,0.06948972421365658,0.7171864655338182,0.13616812911800735,13.938650326514507,0.890596631521985,0.9238625549007659
refinement,19,6.451686997196534,0.175034486596973,0.47634122199474127,0.08524232378421534,0.6434844743243152,0.12569172175605686,9.881867873521639,0.5787467744965687,0.33897605134588155
refinement,67,6.463675914787868,0.06961942466712627,0.3272425296859943,0.632385121998123,0.3691822666576637,0.13254787551405675,8.636857802801687,0.18416131396041208,0.7775979927856571
refinement,78,6.509960685710725,0.0575163757498552,0.3133804285926799,0.4771760993851373,0.640080161607322,0.16388120478296264,6.054427634671947,2.0353370555985557,0.7717834528111821
global,221,6.526798502584281,0.23216508104770645,0.7205074138516031,0.07731235955835973,0.6102527733617533,0.16826188137865827,10.471011816867328,0.5822244146860056,1.5784425165903393
initial_state_optimization,30,6.565180566820799,0.0573278867657486,0.2840867974733778,0.3311132242529514,0.6131405028377441,0.14945886653215776,6.021425722249178,4.721359549995794,0.5479866090818131
refinement,3,6.586469395583513,0.2079926018600062,0.5053927076949623,0.07770710766826903,0.6037650464844114,0.1629961618070893,11.593546561769902,0.8326281023042531,1.3806311216978655
refinement,60,6.652701705889585,0.07096206800298518,0.3299921197226725,0.12916723514227083,0.46048475919430676,0.13119012748892953,7.425664076688062,1.2794009261644725,0.4344460824867759
refinement,7,6.707288966115865,0.17273896033795055,0.32740062208292575,0.06998709997219346,0.7869985807374801,0.17294340842491676,11.351281800323012,1.1433763714849428,1.3625977632290978
initial_state_optimization,3,6.739382783348432,0.0573278867657486,0.2840867974733778,0.3311132242529514,0.6131405028377441,0.14945886653215776,6.021425722249178,4.721359549995793,0.6321054722858884
refinement,22,6.823668762622321,0.1388128116342725,0.5739194377437833,0.12514003284745207,0.4695571007109452,0.1700457038510061,11.165958753552143,0.6234427527792532,0.0
refinement,39,6.836939466447341,0.10672375679679756,0.577105317331923,0.06180832639501085,0.42561110717867695,0.13640350256291803,6.461771168842529,1.3889828528583845,0.9474717027055535
refinement,55,6.946499714045295,0.094320191288661,0.3077222048588767,0.20415077292269604,0.48740243722906773,0.08473590924452544,4.707252735497015,0.9543663380231105,0.45769600007915157
refinement,8,6.946649928534974,0.17867327761928098,0.5541196757358126,0.1059147037703822,0.7163659336269805,0.15130801948048364,11.565431963879705,1.285578686615498,1.306580855916619
refinement,11,7.059267618592482,0.16999919349077086,0.5518756849824729,0.041733056044641545,0.887019992979417,0.06991679911233416,8.154207492516091,1.1597408949860057,1.3985150749617463
refinement,2,7.086041506130027,0.17339885963080498,0.5947794276611703,0.06017288732521934,0.6936559414038559,0.12568093091065757,10.041501391302912,0.6561461977315777,2.0316290719446064
refinement,25,7.162961201766692,0.14024819821289206,0.5851839544612657,0.1981552221594299,0.5211597650121399,0.18454676115431035,12.442169317098816,0.8409952628722336,0.5140331188438334
refinement,70,7.2246479279173546,0.0662138214529162,0.43206731235888,0.5241190505189315,0.390829298808547,0.12971420630940758,6.124245379971438,0.9506248053324658,0.8669261694820237
refinement,32,7.291749699136064,0.13589077222374332,0.42796827645005436,0.07159362083551396,0.49096721082151795,0.14595813785045625,7.1496969361395735,0.9421662013419931,0.8962655342851623
refinement,21,7.30003969584945,0.18553043603197525,0.6255785212061966,0.11350972972648565,0.6324979857258791,0.1475020306740466,12.946487478058035,1.4901259049728386,0.7872370181031714
refinement,9,7.317548907047083,0.21168214181278164,0.4401506847445728,0.07747277401299973,0.6472154268937426,0.12909629574025386,13.081411084967527,1.0491703547611086,1.6462862396036084
refinement,4,7.332719097099509,0.17855816296300622,0.461990677650382,0.09057114242797247,0.7984632434773653,0.13469019992506354,10.54079376766212,1.37096833370257,1.833877025824263
global,184,7.389218785586784,0.16200759435843431,0.5371809886365523,0.0013012483983828925,0.04412617821089271,0.7573484841284027,17.938244501071154,0.7388069015213605,1.569633136861519
refinement,38,7.450919068526566,0.08489241411733361,0.5333047215975858,0.12974972842480081,0.19447886171528253,0.13099653071709977,5.387691648290533,0.917504515310799,1.57215565900175
refinement,46,7.5359831161646005,0.12019128235134306,0.31934886440854504,0.4266331058902939,0.4940809157679148,0.1051023794724601,6.903674873280088,0.7125786874999488,1.0739399807756613
refinement,5,7.599036031213812,0.16748672626578068,0.4765346883555051,0.10236378689530974,0.5898999306457385,0.08876649884722784,11.981224972735276,1.4225702139081835,1.8461330921886356
refinement,23,7.732660051547171,0.18651833499316328,0.44521422031952335,0.20804307482602674,0.7823904053382751,0.16082625672869155,9.21754524305954,1.2576937208846635,0.4666930792947142
refinement,27,7.930079282590136,0.14158151489207962,0.5937646250121674,0.16656119431371919,0.7509603526579881,0.19730559846478152,13.847874605761124,0.7618288360816213,0.27717577906558416
global,158,8.142504120547473,0.08306923437210649,0.14091565348136526,0.002145997409566151,0.2853839368748382,0.976083328487764,12.737881996604784,5.947040362083136,0.8989693347385752
global,236,8.53207922141979,0.10193353027593202,0.6605542242501259,0.0015091697502769776,0.12354636372899919,0.22782367170274587,12.60121159381283,4.27159289582087,1.5778407849723841
initial_state_optimization,16,8.651159584399144,0.0573278867657486,0.2840867974733778,0.3311132242529514,0.6131405028377441,0.14945886653215776,6.021425722249178,2.17686193864736,2.9179606750063085
refinement,54,8.722332150839181,0.09356656629615846,0.25748187462395355,0.4578322809527129,0.4983888423431398,0.10979910812709501,6.095928990526726,0.35261722274683627,0.0
initial_state_optimization,43,8.803035595997311,0.0573278867657486,0.2840867974733778,0.3311132242529514,0.6131405028377441,0.14945886653215776,6.021425722249178,2.2796171154440574,2.9179606750063085
global,182,8.889266842664574,0.16044035091380518,0.2467562645190733,0.013920337501524485,0.6772123748395394,0.5340320301663566,8.937512790681332,0.40985216507970934,0.8670803283514794
initial_state_optimization,67,8.980136181476743,0.0573278867657486,0.2840867974733778,0.3311132242529514,0.6131405028377441,0.14945886653215776,6.021425722249178,2.396018516580104,2.917960675006309
global,111,9.19115524498906,0.1182422843388908,0.09314148093786223,0.03958268527090282,0.26702987201495154,0.10512262043410747,5.265138673460488,3.6105609718274634,1.110009862276582
refinement,18,9.601132000262357,0.18175312659410625,0.604008101629522,0.21772415326015024,0.45963507328995123,0.11161581102508655,10.82700684492911,1.0640680822713742,0.7920184351462994
global,112,9.861017985440489,0.14734624976480384,0.6736442886883741,0.015666254697813443,0.5514120863288423,0.8056152110971383,8.17660137880192,0.16766279653141813,2.173028526923666
global,110,10.620513771689449,0.07473522831001642,0.609258823612679,0.05623402489090485,0.41682593902446075,0.6608791361883429,2.8432452928309826,5.174495373624392,2.88338541771068
refinement,26,10.91566417488822,0.16273728500815873,0.6439491706860314,0.21089489741007098,0.6835491586588396,0.12669401500612146,13.090752910535667,0.42435142360972844,0.01577148715741709
global,72,12.069742996503418,0.09868158174723776,0.28314050685902636,0.004343480114720801,0.6355400999498271,0.6165981815116711,13.227012940576895,8.456410051935592,0.6349674378129677
initial_state_optimization,28,12.113980385297271,0.0573278867657486,0.2840867974733778,0.3311132242529514,0.6131405028377441,0.14945886653215776,6.021425722249178,7.639320225002102,0.5479866090818131
global,51,12.303307209408832,0.08926860306459719,0.30450298146437915,0.0017073869102702446,0.7493287313517888,0.20645736801402526,5.184808894192756,0.6804295435111651,1.788261664846651
initial_state_optimization,1,12.372071471863864,0.0573278867657486,0.2840867974733778,0.3311132242529514,0.6131405028377441,0.14945886653215776,6.021425722249178,7.639320225002102,0.6321054722858884
global,187,13.702801735293654,0.08319727929502405,0.8136749096837712,0.32978952618973645,0.27120477716738234,0.40896994185582813,16.637477072368885,0.3511931809023672,0.8916237188951759
global,62,14.017247356215288,0.05807568696559641,0.5335933248134596,0.007239711526748018,0.27537833933556144,0.8824581648049116,8.664928578341177,11.412636550727262,1.8073842652440653
global,0,14.114252525090697,0.16543535538549684,0.19699190737885086,0.4185749726501032,0.24600267495501438,0.257154826812136,2.1060357366305715,1.5319576955439174,4.269411302745112
initial_state_optimization,15,14.242090439515895,0.0573278867657486,0.2840867974733778,0.3311132242529514,0.6131405028377441,0.14945886653215776,6.021425722249178,2.17686193864736,4.721359549995793
initial_state_optimization,42,14.447786250960798,0.0573278867657486,0.2840867974733778,0.3311132242529514,0.6131405028377441,0.14945886653215776,6.021425722249178,2.2796171154440574,4.721359549995793
global,142,14.563488714494632,0.09347535551119517,0.7194074138215667,0.06589157778707411,0.04876858519140803,0.6788836660978532,4.774438626875275,7.350835933002777,2.7660591172221083
initial_state_optimization,66,14.68401525252589,0.0573278867657486,0.2840867974733778,0.3311132242529514,0.6131405028377441,0.14945886653215776,6.021425722249178,2.396018516580104,4.721359549995793
global,88,14.777703212074162,0.1147452301387028,0.7836262798935256,0.003158453984342531,0.9208478139672551,0.7225036844459647,4.2866013673306895,0.8259211942333344,3.384077427495742
global,189,15.596117791523708,0.1383159501173888,0.45341919980489953,0.025327662782614186,0.8112047881023331,0.9497734294341613,5.71599257707982,8.784511266087499,1.1253287179508331
global,74,16.624034663594134,0.13673798342159776,0.12019295432621224,0.14713267184657383,0.8867583875713018,0.6845957418730795,16.15967743852898,0.23253680159276646,6.589330201879817
global,171,16.64545079031823,0.17135734680470913,0.9186295638467502,0.00338753073481288,0.6088276199197752,0.31682950670287346,4.111578317901872,0.5346020794307238,3.684839983532411
global,103,16.66631521333173,0.21809971211712337,0.24682491755236968,0.022037640065491144,0.5854151176049104,0.8301247733852835,5.6976301172880595,7.722243197308176,0.6329960926544054
starting_point,-1,17.850532956782587,0.14285714285714285,0.8094379306758146,0.05,0.2,0.0,0.651476482206344,1.0,1.0
global,93,18.541913369867736,0.07680150362137905,0.3977797672945138,0.010452456974858554,0.18052707496492482,0.14807405571513776,5.857222523905725,2.297176957826619,6.904509101608238
global,31,19.31809113397428,0.17406216559409035,0.9591928348740774,0.003132524478892481,0.8162018301182706,0.35750318395141134,14.79785779631583,7.404570839597819,2.8678121729447748
refinement,0,19.37677801470367,0.25,0.8840739861570633,0.14751945486155338,0.4919146470241282,0.15362212207621878,12.039878615944088,0.7401635915862154,2.1235565784685133
global,8,19.43175950058494,0.20154522397511054,0.43364696664993174,0.0041876125347354905,0.9679058696913108,0.8159288675766182,11.879414715522156,9.1049612416662,1.3109584513201633
refinement,53,19.87555508923631,0.11266415200575766,0.3316310420725942,0.6238976414230997,0.476919337819421,0.12581644773387365,6.072691796570866,0.8945192652000478,0.6468098856641535
global,41,19.990440285106594,0.13429620777126786,0.6836471840894803,0.0015342230259115406,0.43337323457745347,0.8822440019227271,17.79729944983076,4.427353612171336,5.833930782875225
global,26,20.152599942017705,0.16159894697455968,0.31627796799830754,0.11755759929755612,0.02981694593143025,0.7910877893663318,8.87814229967552,10.157394933908588,1.046993594341148
global,131,20.17554816239516,0.055950816563793034,0.11757958831213755,0.05327470306976142,0.06056781339889128,0.2320053816021962,3.384496574568523,0.06468675849625738,1.7325625835232605
global,168,20.311273747083497,0.11939426167264078,0.28324407346070823,0.0015931644743976106,0.03301463417539752,0.8007643902340965,2.1187370614444667,7.29362145870208,3.8386351357545534
global,52,21.33235389986917,0.06363611796748486,0.3132140838835745,0.006935741433999704,0.4824233389408492,0.3399215069541732,16.76046336475759,9.28897169423074,5.258201573799941
global,208,22.025755964985798,0.17873546151211295,0.8896902290901003,0.018198008044876472,0.7493243268839958,0.36809827152374963,2.6027914081521186,4.943639080514748,5.418608266887148
global,214,22.956086172157747,0.21016422184589253,0.08356416030908353,0.003796582191807327,0.07872024753427753,0.5926078116110958,10.31070307007392,0.30944829454635503,9.06288504294714
global,205,23.283412595618728,0.12950067145102062,0.12493463690955908,0.017484447956392698,0.4656051951677739,0.14739910041729154,12.959975222713037,4.855088857405323,7.282932334893952
global,73,23.319128613964537,0.18590868300575086,0.40430965178870126,0.1603057663661084,0.6579555630080013,0.09798157026767029,17.192865394084208,1.2914745256841842,5.363044114785387
initial_state_optimization,29,24.21044680329845,0.0573278867657486,0.2840867974733778,0.3311132242529514,0.6131405028377441,0.14945886653215776,6.021425722249178,12.360679774997894,0.5479866090818131
initial_state_optimization,2,24.533736833905266,0.0573278867657486,0.2840867974733778,0.3311132242529514,0.6131405028377441,0.14945886653215776,6.021425722249178,12.360679774997894,0.6321054722858884
global,180,24.781490293233244,0.08772081283618272,0.7519054266200695,0.004669091164378137,0.12843990742709044,0.2738264554215931,4.712547389977367,1.2560000960676043,8.922786618284213
global,23,24.78383447843562,0.22239625184674114,0.8827724832288182,0.0012233846691480327,0.9549096708098893,0.7605890835485217,6.027547658671335,9.377060277297568,2.651599364169168
global,188,24.89800184643684,0.17055900882788239,0.19185714177107505,0.05468492575741126,0.5919538545064976,0.7547806789000252,5.503441246376797,4.732711474412616,7.288313402485307
initial_state_optimization,13,25.08882729127205,0.0573278867657486,0.2840867974733778,0.3311132242529514,0.6131405028377441,0.14945886653215776,6.021425722249178,2.17686193864736,7.639320225002102
global,91,25.304931021287448,0.14628296757468462,0.2834308988381816,0.05392318049493896,0.46879678247868173,0.9888621990761562,16.131038353478576,6.557095971644107,5.852238510000076
initial_state_optimization,40,25.345341448563058,0.0573278867657486,0.2840867974733778,0.3311132242529514,0.6131405028377441,0.14945886653215776,6.021425722249178,2.2796171154440574,7.639320225002102
initial_state_optimization,64,25.63775965752103,0.0573278867657486,0.2840867974733778,0.3311132242529514,0.6131405028377441,0.14945886653215776,6.021425722249178,2.396018516580104,7.639320225002102
global,37,28.536926574229845,0.0666648908499955,0.7116559917377712,0.002670189639673232,0.06979348614911607,0.40589056379667776,8.56494791683243,1.8090003542130617,11.628338904607553
global,85,29.628292855485864,0.09340546184205342,0.9435345284005995,0.0010303154851622072,0.24931642791941944,0.1221736259522268,5.873928606029073,18.618072163409693,1.2273430183479683
global,179,30.12246517331642,0.2335538445933981,0.4631667405040971,0.03918145152540212,0.7459729923178794,0.24350456684148436,7.469441320253949,9.819746859292094,4.283345073001083
refinement,74,30.331172209335392,0.07174313067947174,0.32460648318569507,0.5998795617535919,0.7215360312960131,0.1765524477725726,5.901220559948619,2.1146492550738087,1.47812905799907
global,173,30.562807917741576,0.09510523963949044,0.61634197485876,0.0024184348488213983,0.8823554080758498,0.8849974938397669,17.69676321422214,15.88344964226312,2.2123544648496596
global,65,31.185581003916155,0.17095665168059465,0.4157757559665245,0.006787490123662187,0.8866800882862567,0.04207213783988362,7.493912801737337,13.965346198206358,2.5901807431732404
global,163,31.297991226344443,0.10140581849447285,0.3220487329398919,0.002657531368524675,0.08787642743321233,0.6102157411606759,3.1857216220932383,19.874461375360113,0.6039339148571199
global,34,31.726241031861825,0.12146283316584426,0.5123961762247001,0.03697714972950083,0.5064839453365108,0.47671476250535005,6.855608129561057,4.412246156760487,10.899736545073772
global,21,31.93368237353794,0.2325440949472874,0.6218654362586387,0.0015236012592710635,0.844433401192041,0.06765901972180044,0.6668771638521531,1.9376794562417232,4.763550003823658
global,102,32.10808451177677,0.1254463124587623,0.7917611257750097,0.03803731583780914,0.8116082002638995,0.6429582528713738,9.174658147402027,0.7637155640054893,12.651190182878281
global,70,32.31460036544131,0.19163218695626646,0.3004135957393551,0.0024171830137132496,0.6759023579474419,0.9538391811577467,3.833560993196017,5.33842729814465,8.52197297311389
global,32,32.64149394659163,0.14578401413253445,0.05627022897343814,0.031670126105282755,0.5747845885167259,0.5127412687431847,9.784140056929262,2.025391452682739,12.560408572936455
global,109,33.089506826097065,0.08690032813279538,0.9649607926246443,0.003028746672200958,0.6693591874252637,0.049860189340895644,14.330023497764817,11.778379942078326,7.260419083437537
global,222,33.517425602771134,0.15167265382062606,0.773542131957079,0.007081806479417465,0.41152165670492147,0.9887034612255649,6.861499837512368,8.142317343354721,8.559014177334623
global,58,33.9416148105299,0.1262553508088292,0.6462257434482602,0.016465883886444033,0.22549179713955492,0.30015480920389526,14.300710758194345,15.41678691907105,2.859920906978015
global,174,34.408367663652115,0.08301035236185522,0.5455223054681774,0.002111306782716664,0.9495525538372951,0.13907888425185622,16.343936400108017,10.081652188277733,9.06730881100957
global,66,34.64884209216645,0.11748973548381479,0.6372018073409264,0.008346914794870349,0.3240799931222601,0.3966761923595873,16.60647939556237,5.295848272434187,11.384021733208836
global,210,34.89707238613819,0.2008397080227352,0.8569331185532231,0.12866014337965798,0.014303003570404926,0.6614285017014206,15.479304319568145,11.205821216634277,1.4879494771741353
global,191,35.336249196229254,0.17790851622399137,0.5065488398441341,0.0014364499831503346,0.057829543781636183,0.27124952423568005,8.475560567192383,2.114259509370855,13.085702255018777
global,195,35.61271642638336,0.15723726475001143,0.05763782548227214,0.18801862394442673,0.15779965118031047,0.2443597702263619,5.537866922677377,18.02173601885449,1.0526880435935992
global,143,35.66460778666858,0.12681042984215915,0.22496802043059616,0.13263601561579308,0.777982283572108,0.9764827750881555,9.41679978982041,3.291674949929928,11.173506255846519
global,82,35.92562024367122,0.24289586024422893,0.3781553411415397,0.05833681896370853,0.6938794137956992,0.029443710187254224,9.817470559312078,3.1130214664119737,11.811834195741191
global,12,36.214046327256945,0.2190613259934472,0.41764037045086133,0.003914148630547665,0.44546088145660545,0.4915280600819495,5.090182751893391,4.767481927338235,10.584601454452425
global,206,36.42020276727931,0.1189756059395431,0.9294517480635412,0.010331094764010814,0.9982227206734388,0.2934446393926746,8.847647797184042,9.25643181812378,9.294400983716116
global,227,36.48596319923268,0.19541809462521928,0.31876680621864384,0.0012253044035044757,0.44737380414212613,0.57319382129603,12.68186627861277,9.242900517966671,8.158631387752733
global,132,37.12210236252492,0.15860869518507603,0.3372274158832125,0.08785965813461358,0.6910288437839536,0.2637307718055151,9.702906938761453,15.27127296679059,1.7773871306164324
global,104,37.539550776954975,0.08921365471655959,0.28089558823736194,0.002300209798758593,0.6417990638292663,0.2876669720843511,12.872139316390733,13.503418489274592,7.913412293044266
global,226,37.609004221026694,0.18718909109641382,0.9423983349267652,0.01049688872608629,0.4144052715573566,0.797405780365862,18.270223373816854,4.847542997518572,11.459384533053695
global,196,37.61294747167459,0.07875096908023288,0.008386494226948704,0.002218876970249704,0.7846955026553554,0.7682522563929037,16.716623808792033,11.771896154033904,9.346629889311771
global,9,38.08879158256765,0.1321675358444388,0.26810492771946204,0.014491315136676222,0.940245040587913,0.9585325038531448,0.354869257027437,19.32551722306068,1.7969446621577112
global,164,38.35328320724199,0.08542288315880879,0.15613087236268253,0.0011985371486326595,0.11615381139441094,0.5636382534557777,13.353507722489775,6.472918621938173,13.298992852223488
global,229,38.93171260531102,0.1356021581209566,0.7141061562988639,0.012875841386716725,0.4584737604950735,0.07479656300535287,2.9487279403824873,16.64124113747688,4.255631365473653
global,107,39.133090614581356,0.18328107430609644,0.1354302779164933,0.011614437862687104,0.8969698280964558,0.47582122475720023,19.00940522585333,7.56061067505464,10.145511425501931
global,204,39.193454270965425,0.09104843761176773,0.5830669872177647,0.00296080965734794,0.8044710022531016,0.8670647314834433,11.124019737371892,15.048390397113351,7.366424825285229
global,24,39.294644409999606,0.24660949597576276,0.13728617369386686,0.001514505179181827,0.6872871648339332,0.8960755731536012,11.439850513145322,6.038804659916757,11.41159556179928
global,71,39.67563777877168,0.19603280074871077,0.49540185580443596,0.00697588875220409,0.798566826698217,0.6466936821670107,6.098629139981869,3.197794113220469,13.73878606187745
global,125,39.83506299448037,0.09924970121293522,0.5950887480437989,0.008936982023681319,0.09436786172219591,0.5583294688723908,19.63782749632613,9.282538436095276,10.630832680151878
global,228,40.67547866416961,0.20265415507425502,0.18984878330372779,0.04543411903798835,0.5017537764215119,0.9690213116630255,10.188951903457182,1.253342534810824,15.928861384830086
global,199,40.982785503382715,0.119899330976768,0.6200784655452101,0.14697177557398408,0.10038494785604335,0.772223084663988,6.963369858048192,1.6427423904141358,14.106777343055274
global,122,41.446187426530436,0.12113053260967903,0.21503242093740993,0.002561774886576738,0.4740243990679288,0.1961878934798622,0.3789100947101942,7.308371505973417,11.412781966784081
global,135,41.51528759726195,0.24187726625840358,0.8710866357712468,0.05280318601916043,0.9638160717316722,0.7089565471281689,0.7467483489027105,6.9091345266289945,7.864488024710054
global,116,41.57653267721227,0.10369168208137457,0.08868739838455053,0.0011449110197934054,0.6525221985142619,0.7525300627493474,19.253847502800518,3.8481590405892097,15.274737240861874
global,167,42.173833535446654,0.15120769734762285,0.42002592990148224,0.0019263892741859148,0.9211783063214727,0.9349570393305692,17.134209263508794,8.609401934646623,11.210056572400944
global,39,42.53677586028161,0.12868135646711756,0.06407082352195659,0.48549619670528366,0.35535866436098285,0.3610031908719561,14.66245765893747,0.8351585721078458,9.308544548017482
global,133,42.936518160773424,0.05676613041993856,0.06380959058341629,0.04034909654258051,0.10843891907837344,0.12103111175928005,1.87927872089797,4.19624537074924,16.549029621457596
global,1,44.25238436478286,0.22360426810631454,0.6615640832304208,0.01310792003760039,0.6178930146986408,0.5207226195685136,11.574008342200703,13.633360610069602,6.528411074005205
global,130,44.50907028226822,0.10343965373790637,0.4232267744853554,0.012848769083572341,0.4982961712040087,0.2510380787674732,4.248446564626354,12.396172330074727,11.156593786155025
initial_state_optimization,14,45.04966145308502,0.0573278867657486,0.2840867974733778,0.3311132242529514,0.6131405028377441,0.14945886653215776,6.021425722249178,2.17686193864736,12.360679774997894
initial_state_optimization,41,45.34991982013111,0.0573278867657486,0.2840867974733778,0.3311132242529514,0.6131405028377441,0.14945886653215776,6.021425722249178,2.2796171154440574,12.360679774997894
global,105,45.39284943021773,0.2077841726660615,0.4045247242723079,0.11793012178325153,0.37325115884438076,0.16733634024994126,9.05338362312052,3.325732213964716,13.882514375509675
global,16,45.52850354757876,0.10179967151650092,0.13840617710995373,0.0030577754707801844,0.20343799523945627,0.5105028121144963,9.191347437485613,16.38291059685977,8.574522502249135
initial_state_optimization,65,45.691002609416216,0.0573278867657486,0.2840867974733778,0.3311132242529514,0.6131405028377441,0.14945886653215776,6.021425722249178,2.396018516580104,12.360679774997896
global,106,45.832046020016264,0.22389074716281904,0.9419422850237947,0.005675777252055278,0.0038692590618116807,0.9880716202369225,6.44141905389276,7.317868364444626,12.558319806099902
global,156,45.853790557944855,0.13771101293721202,0.865589646572008,0.042283739155743225,0.05047765392221992,0.06836550387616258,14.953241324487985,17.64181852178543,3.8252201171285005
global,117,45.86208790198424,0.13930350129429772,0.602700129057903,0.00207549439392519,0.04515098189143785,0.7238974440410417,13.69762586209841,19.83759950890051,3.785618294331914
global,50,46.27157197925229,0.10733944036590302,0.17569784754257678,0.0015965491625979517,0.4453392091610674,0.45949077220263823,3.8486307582916623,8.53695926809487,14.392045778346814
global,215,46.49938495706396,0.10744985448175338,0.6489212988222689,0.021084512942488635,0.9839944174232031,0.2716627624177085,3.5441599743043906,6.622007280430127,15.23530111994945
global,124,46.601528872135006,0.06140580595640201,0.4780093177680701,0.018553901635771156,0.8888604447493114,0.0022635384350691012,4.896975876318144,0.20993575434432366,19.22407910921613
global,175,47.82091112660939,0.1826014645447626,0.20583807942825993,0.06700713293617366,0.3979313155024682,0.051843136689342595,12.267935821775215,1.7680090108207125,18.10830358924661
global,48,48.13486581178178,0.23464731177110804,0.22048189626552173,0.0026638163616371936,0.5962368206578303,0.4329385609009284,6.921709934113824,0.1283811271809343,18.863222301061956
global,234,48.5221055901907,0.17894622252225617,0.015871103639050532,0.0011366919935723242,0.3213553391148646,0.2636649832097173,8.088277053695396,0.5665305952042132,19.096574373434535
global,152,48.79178121655843,0.11737201159377847,0.7197199240629707,0.16030534053705695,0.5671474662831756,0.11565490257379551,0.4144894315140957,8.221772034385133,4.545097423569833
global,220,48.87074656998579,0.24527686816897076,0.9094150913507181,0.035603952591283,0.23983473576858838,0.9512779574978243,7.096084121706467,0.1612962392116013,18.89495298004916
global,217,48.996022498869664,0.0691064295358075,0.43144562563463984,0.06894031634049903,0.4919302433116094,0.6855507522447873,6.5667753314032655,14.783844291466108,10.678860150923644
global,203,49.65441832203226,0.2364883579434647,0.9957246498173691,0.015582334363475323,0.46769457350518073,0.6358787729529979,16.5869793455239,5.208162586385761,14.953163129323471
global,49,49.96952014254662,0.12711620469955617,0.06439898099881003,0.0022140788253293704,0.5025579831131388,0.05900463251072052,18.604349086166593,2.811055320414,18.873191343873742
global,15,50.1726636602194,0.10008912130459055,0.25468454541540775,0.0038252806932761417,0.07304313536119145,0.2668379165892194,4.850358063481959,10.239925630373975,15.144237744700181
global,223,51.2735941092896,0.07107802398664034,0.287060380037068,0.0011266636282021582,0.7387431148812424,0.21142861343241448,19.97615086683899,13.082418142879852,13.632882549422511
global,225,51.54354692764846,0.16057826103612496,0.15796040631336394,0.006304893432340583,0.49645774001178,0.9593431693004248,1.1586654937169172,6.3076652162591955,14.688383221509493
global,219,51.71036290515728,0.07187302399592191,0.17020071168066875,0.006446763590329201,0.2648738064430243,0.4459808281097868,4.60734912556402,6.169934069468792,19.178053335879028
global,47,52.23038068583689,0.0761115284521335,0.3575445215425085,0.01349455699627231,0.0495509304884264,0.0717507402742894,8.028227218158397,10.183670300475463,16.81763857251215
global,61,52.24414471030159,0.14120127114731162,0.6539939632494984,0.06538866975119187,0.19811517899010866,0.1977105256633277,14.415962265206437,18.037365313738587,4.568618563900532
global,238,52.3950032161431,0.18322798808626745,0.6140243073902706,0.0603009588205872,0.3009760968559373,0.8628060457451383,17.62216539096359,1.0728731947807568,18.347643202461267
global,44,52.87276002167762,0.21952796417349588,0.40073295371937656,0.034633044179780886,0.466460840026684,0.7753017442843088,6.31348193052808,10.662802096040046,12.338643364194562
global,108,53.02749757244393,0.2144174499267532,0.7042590012686457,0.008745013687147465,0.5094642128533026,0.009638562878908519,12.899688507279418,1.9757708320929979,19.99776134091825
global,38,53.21126084952366,0.1645009293557718,0.7917013887665196,0.007994378664265325,0.6014893423152341,0.314209201849146,10.492911330816622,10.616624266468877,13.659797823323581
global,232,53.288419292138286,0.17917102450045208,0.5045143253268477,0.0014779097179578795,0.9981506858063564,0.4210864265357296,0.00711774565447687,0.49656939244516085,9.38605202354008
global,35,53.51367515369307,0.2019275174399465,0.5772797266433616,0.0028518621154572455,0.7763401834418241,0.9097410540563268,12.25130190243038,11.360002557855376,12.718511905816328
global,181,53.938474235744074,0.21033880891117515,0.16473891240469896,0.016409291483802785,0.4669252965798988,0.6415829320557329,14.604089623545661,5.6542943893016755,17.465290327074467
global,149,54.27332713808557,0.0875677357723886,0.5555380690688478,0.0012524270517276766,0.3707414904007995,0.34409319655999127,19.076864124617497,18.9193260570986,9.259494833420725
global,192,54.31088437768227,0.18722892235543986,0.8721742650056784,0.0044509917904973105,0.28984628746342944,0.11892032695244503,7.631695071580333,7.017429610870815,16.765989149485396
global,20,55.680192439204845,0.16464086500030226,0.9224631057578355,0.022548558447853535,0.5765831516248318,0.9367263490091551,19.20145049439504,5.788847129239965,16.156079004324326
global,207,55.79356967322678,0.17768122410258427,0.6725054439623666,0.0019706292791511013,0.9485422988748399,0.7330609489845035,11.16262356993635,15.039795301829052,10.890499774502407
global,63,56.30668861973271,0.15002149900961212,0.09827095466240332,0.03562870397504987,0.48344466332343194,0.7233184629660795,15.35026425355754,12.200306175825764,13.579552712112408
global,118,56.41037632934937,0.1590029466203142,0.3265788018307647,0.06870108626353963,0.2498903334253908,0.32942372304021095,9.911754701941804,6.350010056661581,17.654469300813428
global,78,56.421696546355406,0.18583397661660894,0.4009164113853565,0.008305847046610417,0.7077760962894847,0.3029937099854617,10.320762381013587,17.01735684121925,9.120400609987964
global,186,56.59588796245952,0.07083212486720866,0.26319873640990243,0.2015181121337529,0.5324744185277623,0.5353346430661686,17.18604897985893,3.9034608454655895,16.43636073362684
global,100,56.988341259555774,0.1359459007117725,0.2250416458801343,0.024443328174871225,0.016197229885700604,0.584432208161412,0.6513782996726292,9.229907931341156,15.827423127290004
global,98,57.40296489310788,0.20133587235999642,0.0814852721288557,0.03667604072445797,0.010879915731629053,0.23012482230865283,14.11384448615636,4.8009916164726025,19.60925022688508
global,69,57.57511111532086,0.19313479089621083,0.2701860859317181,0.023365653677564113,0.4117108062197742,0.5385970114242661,16.895920523503847,16.798222226523677,8.750053690692798
global,213,57.57889675840077,0.12113658322489763,0.866400175553925,0.1027420085918978,0.15879033378148077,0.9850269680765011,6.1456931159976875,19.24134071151116,3.526322361419878
global,83,58.18649796316446,0.1825601159906864,0.39576306012039675,0.0023389730562719435,0.8433452889477008,0.7564002071791778,11.943765584032509,6.339964560915401,19.0091673232489
global,165,58.655512093186154,0.23656424881297164,0.554917871275522,0.004288119372175097,0.08755048975964008,0.7611875293733169,18.560668375557746,19.681008388694753,6.080933076108915
global,233,59.29412031921687,0.2221097252029449,0.805694398430329,0.010697801181196122,0.09735081478929486,0.9379346607499215,6.130721749194206,6.362510263015533,18.36054320595098
global,79,59.32331482228373,0.12922071993352102,0.7059553076090183,0.001982444969731322,0.14644097975407133,0.8861968767997703,17.676311419825776,19.917790458559715,8.606576424049221
refinement,51,59.33088981869898,0.13218485103896754,0.23695845167523544,0.9921205564043061,0.40461419889154115,0.15705762786896302,8.57058309839366,0.3904507346657325,0.1730208633593249
global,193,59.40930875755039,0.09754991448542322,0.5378574075920267,0.04594624995910631,0.5420107207084511,0.7012697089758061,16.63779318851416,10.84901172427966,14.725178325475
global,166,60.09698891585416,0.22638551837140541,0.02096281946476375,0.0080394129750038,0.40053880062339675,0.5345094963483933,4.42085299141106,16.60895026289656,9.845284092623917
global,194,60.32761793318036,0.10140667706360137,0.4346897406376694,0.8558363994923655,0.059491475152564366,0.7102371191409578,0.1311006504008394,2.716669045817579,1.7722394467338431
global,151,60.58969533070213,0.23198094762463758,0.8521215690367004,0.09049425177810488,0.04182275625222831,0.5993269411457769,19.878734242061228,6.925163296488275,13.502219364760064
global,77,60.72999248312181,0.16172058317328858,0.4074953713562758,0.08011152302107295,0.235929511364818,0.6044158727472911,13.506107935696775,13.791764948356525,11.476768073356434
global,27,61.25797520293152,0.08193478485467214,0.47977706988325264,0.0011419717742262108,0.17714202407613755,0.010719731837568136,2.8620469721194364,14.448453612215593,17.426769795709117
global,97,61.34580506455256,0.058552597599879345,0.008674522780646288,0.002275000360367384,0.7538899783794548,0.4306363142039271,14.715089091922698,19.365295870708852,14.599717672848392
global,19,61.68386105685417,0.15198593662212048,0.10998182671983125,0.024184971975090716,0.7873258149004262,0.7720513070265084,3.0685330390134324,18.683761989684463,10.744571328319182
global,59,61.82276379140622,0.19174673879607876,0.4463488715389069,0.0018980654129052176,0.6767886560379658,0.46301185912250953,7.074371232271288,17.084288427053885,11.189666171336313
global,96,62.00084040254233,0.14544228791062727,0.5091715836168417,0.10941017279026792,0.9128432288209531,0.45544332727507186,2.302485649488637,3.803448912827616,14.834099367222107
global,29,62.40596166620431,0.2204535141021192,0.28213947097363223,0.010646913351827806,0.9866872575049264,0.8983875452630423,6.1328784718429645,8.034257984179101,18.488347649410176
global,185,62.41225621890335,0.0944410527403721,0.2511531161931865,0.291462133627147,0.4692676003848709,0.08889830027596557,13.73273574576402,17.385206190797632,3.779178921180224
global,7,63.67228024173683,0.10473578201028108,0.44731027284953695,0.02612110279139221,0.4834861924181908,0.32434254015873154,0.39829073891935574,15.905718906903402,15.15776796218729
global,202,64.36960170857814,0.18489173052111563,0.3550805182536517,0.0037226905478748174,0.3998919668369696,0.11165588040514773,5.1425037177325965,14.792809946165438,14.104491749604875
global,67,65.97184953700173,0.13845138410221716,0.21927551633434805,0.0010631607719294106,0.9333934114578295,0.2978731202868954,1.5017738824776905,14.627969636317575,15.870373286472228
global,211,66.3822881235719,0.2345345544971807,0.6130439988184617,0.006916767660067927,0.8708335382725083,0.4928850940517776,16.430489682919763,17.51154058889429,10.801071218561503
global,114,67.3341158180798,0.12351546110343689,0.7001501897249015,0.05272446613818566,0.14119183926080126,0.2573329660080169,3.9620645203107907,12.230777114213527,17.216772040408365
global,30,67.8018398809385,0.09189610774722087,0.5425445699978998,0.017355686980779255,0.9944265369678591,0.9749316551991305,1.8113697293770636,18.939186548475586,14.631513580827724
global,56,68.71976526453373,0.10425572973410088,0.38832534234594185,0.03177092400398984,0.13542276498406136,0.030420840906960733,7.209880396738857,19.37390755526802,14.122016593417182
global,237,68.94465036478627,0.14633078694354298,0.8320984828247986,0.04857224009828147,0.577444889234103,0.8827038123882232,15.007821244196533,13.838036331663442,11.311704037793897
global,157,69.53695790642186,0.08895853524785319,0.8312199650683293,0.013469652798552192,0.9787561253803209,0.011322407273126722,8.231654287902096,17.404715156124393,15.598171257081084
global,119,69.7839658818801,0.21625361185438913,0.6580568168777583,0.01332981202005668,0.6473168588326133,0.7623606878504987,5.204496373832255,18.922484602305616,11.420495149932343
global,176,70.1840455569914,0.11002593027880089,0.6899404133178411,0.012717910246218305,0.06597003705382365,0.5790833259274166,12.638019087704993,12.457271718192736,19.772218378670527
global,160,73.58408568792055,0.15666995169270964,0.4255320879937041,0.005325274137513225,0.01724459321060612,0.31524780930605956,15.762223094134955,18.286891030347444,14.761351167888241
global,120,74.45858098255891,0.10408106266523286,0.5046561512309963,0.030157570165374105,0.9327564977796322,0.35068677501484125,4.559342198626426,16.33849041613859,17.147219671047694
global,13,75.28442299675054,0.17384229955218772,0.2267598341453333,0.006413462829222701,0.13477187103131527,0.9296200484409759,2.7980730072311855,12.717289389750013,19.676924059101236
global,87,78.20540948743053,0.18534076414083075,0.7118442813201489,0.06407991407799257,0.9312212433292766,0.1954341888072063,19.571349149865323,8.030612017370707,13.50968125592395
global,129,80.69903135155127,0.24416922145164743,0.31024000921884753,0.054168499459847946,0.08387325195371187,0.5532438766738493,5.761837896615107,17.496104385624058,15.814116557750237
global,201,81.72014513078045,0.17312102686130784,0.6252529894571213,0.1249547528927168,0.1196522825166999,0.2073100526288264,1.1147367133292896,13.094346279606677,16.473793216850158
global,60,83.63774458576205,0.08468187471781514,0.6582147113408442,0.08834982962920425,0.6512063489595868,0.6404907175126205,13.464337141114067,17.2395507296299,11.73037795642591
global,155,84.27107603586352,0.0936701664448107,0.9242558143311009,0.1107069995470137,0.40935454783877034,0.4921610706727676,6.271454124041833,5.111272156180203,18.198280356634
global,2,84.60712771335166,0.2346553386039756,0.7795660206865529,0.03151842435480524,0.47453616734015713,0.8010314921723425,16.86198521294807,19.86844094777414,12.107103436652906
global,172,92.08660886103605,0.14807068010319785,0.47764061978914596,0.3268185979438203,0.4053765647058797,0.45581230934850003,11.205831109408695,0.04704754785975096,10.970569987314008
global,123,92.5654201045193,0.11855980980744715,0.9178339195318638,0.06851751987920382,0.5763140426536496,0.3604029529213767,14.113836274531815,13.330330389303771,14.824270605446685
global,134,93.97434531089102,0.23651356289429548,0.7478330237967491,0.03611834174866297,0.7773075053588194,0.05727235494617133,8.012011295679926,15.491158912562511,18.54166258082585
global,145,95.20915247557497,0.13283621866151754,0.8545105244538378,0.21286989728081943,0.24815983204825676,0.9174330211243272,8.508892952498686,0.9943808488188588,13.808368195144524
global,200,95.30696002045116,0.18351889941662217,0.24436163145240442,0.15887602316109806,0.806672351091041,0.08952143093538323,10.94959947757709,10.3351130874351,19.460760555297988
global,40,96.27775090829276,0.05880854549842443,0.9933029998905044,0.10107180886366389,0.7667820473695464,0.6225986776210294,13.77796074686139,16.833439028936755,10.247602997365357
global,4,112.82033860374574,0.07495220717753738,0.8911273254204187,0.06159619901450556,0.9953791242020095,0.9302367596290398,12.788752153311409,15.910445165279512,18.417546343084876
global,81,126.97685402828137,0.18930724809372373,0.7200976660424317,0.21749008059109004,0.16978122586858035,0.6497035266891903,11.726646674053063,12.530802961344294,11.392853943156602
global,101,142.0675434016374,0.08912957523586502,0.128276667917386,1.0145520798770555,0.6386910063003662,0.32417558901583865,2.30125269917272,1.8895670861275549,2.247703256978195
global,33,148.90162746344038,0.21656257422498015,0.7622836237514613,0.19144631173358012,0.4294509970065107,0.8938689994145754,17.5067473494694,16.85872858779658,1.0322672018332835
global,3,149.42169860481266,0.18038514913531134,0.8567406044270479,0.12336912739869235,0.8737783035064149,0.4585481168352553,9.24883734029498,8.000559864933459,10.063350468861552
global,148,163.7454112752965,0.07222277800276088,0.863711802319768,0.16252678654326608,0.6928377022102873,0.37126191638731054,12.626262155225893,11.424478094366314,15.78453828452849
global,177,174.38711552794481,0.07296234180058868,0.9957772310428886,0.24309544796116359,0.3353393871666942,0.37695193444730735,14.315976267635655,3.8377997365212946,16.11734886705057
global,115,255.07137426601864,0.08047222855318409,0.5546097144382773,0.6171620825683788,0.0694787341408436,0.8033148688600691,4.1941066006894046,14.393140707312517,12.90899176401817
global,141,259.32842347177666,0.08017447599059814,0.68464134523187,0.43318762575205694,0.6511262411512583,0.06366979444695409,0.4557513456799511,14.103839568954303,0.7836180652794478
global,80,264.6116772031751,0.11895210235518609,0.6312786590023858,0.3026214804370715,0.765544935456646,0.5728291675137109,16.1201279914873,10.603415954689112,4.319692640878672
global,190,289.66304062770433,0.164698118354524,0.35195994713595724,0.3243288338029687,0.9881936126699343,0.326734819951775,5.746019327079146,11.078116323666311,10.151020876051122
global,113,294.63622945926903,0.13271419890028932,0.6825806149609339,0.6142985192226814,0.08182258664985209,0.074323874741693,9.83452117855575,7.504376744780585,3.2358974565990706
global,76,315.3303667388697,0.1711077968547803,0.3900784274563711,0.28529718918803315,0.9681912926058308,0.29394227197960454,8.91026070839093,15.87293543952743,10.397821525919477
global,22,343.1080141934625,0.11102574171253225,0.24873754099816614,0.484984136640071,0.6973084562998354,0.11469094119736378,13.920363036522687,16.295061904674228,19.976009845171234
global,235,390.99414267317155,0.12585997481335684,0.4374878822103281,0.7317159385267368,0.02885779251077214,0.3517471402624305,16.87514210373888,12.17799373591298,12.227233357639566
global,121,475.1118048811166,0.056710874234077537,0.73987295410325,0.4523385825541703,0.6231258904266345,0.4794851358837252,16.45670977537914,6.6969494272077945,15.688883212030632
global,99,475.90565143223915,0.16458287571651423,0.7067048191365743,0.3611123359403557,0.6506857739157367,0.8839386217413794,8.30156539583607,10.554794529380896,0.12701744889554778
global,94,538.986929043508,0.0560344264045743,0.4244408408912925,0.9730158562039622,0.5145457933560218,0.16012695313545655,1.4177310584301983,17.25492005996412,6.093945072993138
global,140,550.8317272716633,0.07004847575853572,0.9263286101489461,0.2957835009317062,0.889443744456853,0.25141110167669745,9.348713226230396,4.024474102211455,14.644096210927358
global,86,596.9572623882999,0.0822223296566502,0.25312813157060576,0.7481362676832864,0.8679765095018922,0.11285868740097904,5.403132361111515,11.539142551239749,15.538031599786823
global,68,617.832833862907,0.15558175983450184,0.07074151236525394,0.9711233228831719,0.11549226953548308,0.8754068650010589,7.550340697554184,6.228701214925181,5.066164621417655
global,57,841.7157466099742,0.0779913321390735,0.44885690304578396,0.9429928968760398,0.33413735473741457,0.26796603538200026,6.82207027998055,0.9311157733106934,14.991319152002745
global,55,1049.107229012335,0.09703879100901888,0.7737114275947382,0.6489426386533819,0.25534605999830784,0.5912069150304825,6.089289005024661,4.063638109293281,10.833212104768604
global,45,1291.599231655933,0.09440572989964369,0.43732850934959555,0.9453830301064242,0.2078812941141951,0.35436387542263015,4.502263180341157,16.67928201708168,15.157705553310148
global,198,1304.7956490224524,0.17717774820833074,0.5317336163545917,0.6174055804821693,0.1848738029322985,0.27896600758367573,1.365939511987171,14.392733445769625,18.806450831176626
global,150,1311.0767824114016,0.16327489996582817,0.6951402867655418,0.3501413567043909,0.6121948784329228,0.533143084056725,13.552745668603059,15.698086884314929,16.438044570655073
global,136,1434.152975124324,0.20313351116207776,0.0695074830385608,0.7685527093104798,0.6317647102782966,0.4122470402906646,16.752743379446088,12.21654778290652,5.255383678840266
global,162,1551.2868739015892,0.16984531021482593,0.3551461692844179,0.5067567799511619,0.9877092944864286,0.9622419097982008,1.8350008155675002,2.84997143968736,8.830651308102944
global,218,1747.9114501317747,0.058726719495872916,0.8066527086134248,0.7856994076321429,0.40943511984414416,0.2767711683078199,18.154185758317002,13.327919315842017,12.440223387346855
global,25,1872.7749789686768,0.13272797780587095,0.4438992429136892,0.855243010175167,0.27994432468501274,0.43248983924076234,7.953149759817957,8.167597607367576,13.60849781335611
global,144,1936.7542343336258,0.20521691147196752,0.9748164896670595,0.3691558005642041,0.9018059660767271,0.42121167801204995,15.222843439251237,1.3581669479324554,0.4864678768416586
global,54,2640.824515091464,0.2214303779594686,0.8580237775398137,0.35416535977906416,0.6422747235598737,0.8756367981380984,0.3697466721260545,12.528421231817465,5.261000571207761
global,154,2887.7845323983097,0.2038472160592743,0.8411566950040569,0.5921125732814302,0.05960480178679983,0.29007674130979433,11.750131759050147,9.940043703745037,14.877908962674212
global,64,2944.616718925078,0.22699268469570646,0.49352794981890247,0.7626999367841061,0.17172302691752273,0.005295490290659344,3.3229152872776746,18.680973160000022,9.165971860652075
global,84,3301.2851961112897,0.1876577340183701,0.9552062716005931,0.5252930159242354,0.20057385247252546,0.12719256210090002,2.821447684925651,6.896094959228336,8.461668586745594
global,75,3584.7129038024373,0.19387420491642654,0.5254137151159852,0.5983271699332834,0.49686837223803304,0.9432722591731646,2.7078712737590105,9.288360768667893,13.997574987987926
global,14,3946.092771471155,0.09211746593222872,0.3084762801105154,1.2905808330087933,0.3186863988122106,0.9599822625951249,16.602885075307924,16.716849874237305,9.793888109202857
global,146,8760.98884857935,0.1556022754377164,0.7412678954190833,0.742391186534963,0.7988988656998938,0.6410590412846335,5.364639222156081,0.5447339883232405,1.9771904170823906
global,90,10535.900965594039,0.15151331156479883,0.18442110260505828,1.25882369496132,0.7217051000287088,0.38704820312121124,4.32046554946705,17.775539954523943,0.3808853325813599
global,36,11420.16601162236,0.07467817722405534,0.14785049739149325,2.211386802218568,0.8828840976539855,0.6161306298766982,16.97780016962403,3.1156413061710975,1.1125080533901333
global,42,11958.11675263767,0.06252151998323044,0.12187483499961393,1.941127807141236,0.8815109485120476,0.5783463437347959,14.932594468061218,17.099147590446123,11.298053483201162
global,137,12338.070378958186,0.2194534711723092,0.023078161967877153,1.0989075632521315,0.2916278152250741,0.5891938508113271,4.574077708231474,15.645336408919201,9.837474698852738
global,17,13550.873380481942,0.08928518564570985,0.9669362599165271,0.7626559779862743,0.54238577029447,0.03475777914155842,18.17070448609219,8.312365509558134,14.959646100284107
global,224,16232.619523329015,0.24646864014267686,0.90145772915341,0.5307074820035262,0.34098832462014184,0.9989757016436713,7.51234599266253,19.941143876667557,12.101594859295803
global,6,21966.00791037497,0.17549337969006773,0.31501596414180644,1.6663680345801324,0.01812195861329724,0.43752037523033105,15.69587406832982,10.523226531407506,5.516949416663419
global,183,23212.31138324218,0.14755818935573337,0.007434692281272692,1.557765814249974,0.394057289435629,0.2824190363095208,19.651335796864654,17.655869687747245,16.01878361132838
global,216,23648.7686730859,0.20246994682346175,0.10582386347287609,1.4419054031152239,0.3699294891937399,0.3203244165185719,10.049968897280477,9.802267096537589,3.717455758134174
global,147,24533.49265847595,0.18749031256896148,0.03222788269181687,1.560252767882639,0.10353038259052783,0.633878067664841,0.1021219775826121,11.442346936772736,5.861413052840458
global,169,25006.554061555456,0.10245911749209473,0.4522086955777981,2.229998637423362,0.11371599876538963,0.681021541214197,17.76432650045313,6.058144973708881,4.8866246306051835
global,178,25661.187241932224,0.06481692153655014,0.12236491043228392,2.615409107175225,0.6857941442567034,0.9869271590501252,11.217919411957062,15.65295919770457,0.6386366213091366
global,95,36962.591748029336,0.23234326216536505,0.01798231490057023,1.2530295105254203,0.8090538741563148,0.2355723163541158,5.776929309855574,19.290636739945803,8.797383313429334
global,43,39788.58124325898,0.20718254612897186,0.2718823307810938,1.442262204647059,0.2247121154390297,0.8338839830297058,2.54810649584444,12.012517088520715,5.3866322095218315
global,126,48940.104171512285,0.11067074823723853,0.5048043431289609,1.7075072645479141,0.5878373155917841,0.8424770008248738,9.313880922855148,11.023794846351194,3.8847791538013743
global,230,51796.31196235418,0.24175889754707947,0.4059356847364408,1.6888338029002847,0.09613212129893134,0.399717552616909,9.65078702384453,1.2501976605334186,2.705445345291504
global,212,75660.60188020916,0.17614025191302216,0.6851943606050941,1.3418405481446862,0.4829488168729714,0.8542966125643245,11.89848066999139,8.982542942231582,0.3317954540209844
global,28,77322.99188435153,0.2273965250786277,0.29381271802555853,1.526887531857731,0.5440274337891569,0.07533883460398139,1.387116465753906,15.861448931136033,6.073299452227648
global,231,79232.76759585278,0.07282619954419617,0.6898127208129854,2.2399314944669872,0.47979861603160046,0.05329556688157877,10.275190233500455,17.29050188276645,19.663857459283122
global,53,101914.91023781699,0.24578412592001764,0.3505460841856547,1.4910728373671402,0.45163087893832554,0.414727411315043,7.98303120550977,13.895529930554755,5.954397755968457
global,127,106402.28767819356,0.1197913583216397,0.7541646111636069,1.7265840008028674,0.31866267614056665,0.6499984249885127,17.226142851876613,11.742643944066378,18.8589205099033
global,153,111453.00750388434,0.11024905037226328,0.6722574536282012,1.9336815821046252,0.4691337198793122,0.9515093970827573,18.950850182272426,6.8496001487748615,14.983034715250334
global,170,113383.20727984047,0.1393153419247519,0.4640506156148596,1.698634267152946,0.8331205205074923,0.8691554578390218,0.2305068891102069,1.764803057772537,9.350852190360941
global,92,114921.42065805843,0.24953587702319155,0.3013213810951758,1.4504308410433242,0.9953851228212232,0.04148497367048953,19.938664956573312,1.6041218616053832,12.674104781689726
global,46,138035.1742545643,0.2084785641739217,0.1475751061453553,2.2396230575800153,0.1635985569207985,0.26746023872448854,1.8408391185217154,9.070423630485053,9.564384500605263
global,128,157471.85813612287,0.09667388955109091,0.6033943878051786,2.6866921540032207,0.7802296241882669,0.15100026088228324,7.84125554314155,3.5496686803025823,13.38391395891084
global,5,158051.39544587917,0.17531875374227648,0.8990085576880481,1.4511255725399947,0.3085937846778595,0.9424772504024665,4.998202843063977,14.71944336961097,14.822822393367836
global,161,181489.35079601174,0.15787773789351398,0.5412534859755375,1.748469938265556,0.9930180257347746,0.8254983672174476,2.019810271738862,9.027946537098474,10.610333894540975
global,18,185363.84076727933,0.17526915916788677,0.9467645863795369,1.8919988970221162,0.08994507545947483,0.9840183433326003,4.7287129476843575,16.745536333388998,17.55459633698459
global,239,186814.56650111114,0.18738081979259738,0.7865843383721898,1.2182348532390908,0.9668937063587434,0.6537893514055231,12.22958435361232,3.366267147640447,19.67564903529515
global,11,203929.72908168705,0.1845038284773703,0.7516630464710623,2.2278567064517234,0.332208846441443,0.380021675336518,0.0892454047550384,10.141494916735464,3.093130399726123
global,139,210878.3162088879,0.1985508053285704,0.6207056583684445,2.219452663371192,0.37213613712010385,0.07565117318325776,7.40019475601315,13.825086469152918,14.245442106150975
global,159,219118.76119403943,0.16960650922957907,0.6860296923038333,1.7250153767522458,0.9969574828453582,0.8836031767773257,18.666029637214663,16.405333248089566,7.463329441785273
global,197,226233.52259025225,0.17354742260655764,0.5117790726741587,2.4046038098784224,0.7546861822426754,0.24227220226474577,1.2644332717219675,15.017908974474155,9.845085064526538
global,10,232527.75422012538,0.1995581524617113,0.1446588679395725,2.3772936763393373,0.8115866706392525,0.737440709502986,17.000766816072673,3.5709661123227465,7.544728842367006
global,138,259342.65967568895,0.15705772767737863,0.09151877831439181,2.7371908980786457,0.9896446451613099,0.7677405474211243,4.413260706668581,6.896376796926386,14.951902364251428
global,209,259988.47796675205,0.1836564972090255,0.7215776887765118,2.4811827605508077,0.4501336351403319,0.5702982478734546,0.554820890086174,6.109855709776895,19.860515369671933
global,89,277473.90834751155,0.23746987298727465,0.9189253987532469,1.947674572256927,0.4707534956586529,0.8801704993852011,10.172668337676946,13.65631444015136,14.70133470528555
