block_id,start_date,end_date,observed_total,predicted_total,mae,mean_squared_error,rmse,normalised_rmse,log_rmse,poisson_nll,objective,prediction_summary,objective_metric,window_weight
0,2024-01-08,2024-02-12,69.0,57.028574388307156,3.3573959096074892,14.69115638864987,3.8329044324963113,0.3330005623977291,0.3505618594563919,2.9319159940019777,2.9319159940019777,mean,poisson_nll,2.4499999999999997
1,2024-01-15,2024-02-19,71.0,80.21064895735019,2.127877370318901,7.263516417481514,2.6950911705323652,0.23509338447989162,0.22704711564412,2.4472698419016874,2.4472698419016874,mean,poisson_nll,1.6166666666666667
2,2024-01-22,2024-02-26,87.0,80.21064895735019,4.05924296548392,29.680549244187326,5.4479857969884,0.40648731237219654,0.31987618534471735,3.101936549207714,3.101936549207714,mean,poisson_nll,1.2833333333333332
3,2024-01-29,2024-03-04,105.0,66.30148560848725,6.431658108576346,74.57289044721952,8.635559648755807,0.5156706742126909,0.45935198043240677,4.604486083703964,4.604486083703964,mean,poisson_nll,1.1166666666666667
4,2024-02-05,2024-03-11,130.0,61.665043564011505,11.270634454716381,170.8600509175096,13.071344648409726,0.6084259521031554,0.689891042332317,7.809413107989497,7.809413107989497,mean,poisson_nll,1.0333333333333332
5,2024-02-12,2024-03-18,150.0,98.75582026899986,10.438284577452723,144.48365836356678,12.020135538485695,0.48080542153942774,0.4946713287149403,5.8835188523560875,5.8835188523560875,mean,poisson_nll,0.9999999999999999
6,2024-02-19,2024-03-25,167.0,80.21064895735019,14.464891840441634,249.07107882590398,15.781985896138165,0.5670174573462813,0.7087500118110157,9.21868512795294,9.21868512795294,mean,poisson_nll,0.9999999999999999
7,2024-02-26,2024-04-01,192.0,89.48328887226317,17.086118521289475,306.718365884314,17.513376769895462,0.5472930240592332,0.729301571698871,10.17031523316829,10.17031523316829,mean,poisson_nll,0.9999999999999999
8,2024-03-04,2024-04-08,222.0,154.3887298934929,11.503259421155429,237.60493185630327,15.414439070439874,0.41660646136323976,0.4106500782337454,6.302415002646852,6.302415002646852,mean,poisson_nll,0.9999999999999999
9,2024-03-11,2024-04-15,237.0,149.75280328901852,14.54119945183025,302.0883829924192,17.380689945811106,0.44001746698255956,0.4769720612690225,7.4664266577767515,7.4664266577767515,mean,poisson_nll,0.9999999999999999
10,2024-03-18,2024-04-22,244.0,177.56795603727096,11.40052313618959,213.87444805393358,14.624446931557227,0.3596175474973088,0.3676409902393321,5.771669848063381,5.771669848063381,mean,poisson_nll,0.9999999999999999
11,2024-03-25,2024-04-29,242.0,191.47516623076652,10.578042789946078,170.8132224525778,13.069553261400246,0.32403851061322925,0.3171076910540055,5.038153779354536,5.038153779354536,mean,poisson_nll,0.9999999999999999
12,2024-04-01,2024-05-06,257.0,159.02462937235367,16.329228437941058,322.6474580358155,17.96239009808593,0.41935541085025513,0.48138096039746053,7.6578172960026905,7.6578172960026905,mean,poisson_nll,0.9999999999999999
13,2024-04-08,2024-05-13,276.0,205.38213231394587,11.769644614342356,205.7969690000545,14.34562543077347,0.3118614224081189,0.3204962355816353,5.348664887067373,5.348664887067373,mean,poisson_nll,0.9999999999999999
14,2024-04-15,2024-05-20,275.0,293.4539158788385,11.066255188789748,139.155277764207,11.796409528505146,0.2573762078946577,0.2474816962612455,4.275906445055804,4.275906445055804,mean,poisson_nll,0.9999999999999999
15,2024-04-22,2024-05-27,275.0,219.28885429438603,10.910992772081258,193.03961388924463,13.893869651369435,0.3031389742116968,0.3063010429490389,5.162816567991629,5.162816567991629,mean,poisson_nll,0.9999999999999999
16,2024-04-29,2024-06-03,273.0,210.01773342957813,12.282206537747065,216.6496019189469,14.719021771807625,0.3234949839957719,0.33080493381473314,5.49854744138258,5.49854744138258,mean,poisson_nll,0.9999999999999999
17,2024-05-06,2024-06-10,271.0,182.2037198922722,14.799380017954636,306.1056774283995,17.495876012032078,0.3873625685320754,0.4180277629687142,6.904986385968101,6.904986385968101,mean,poisson_nll,0.9999999999999999
18,2024-05-13,2024-06-17,276.0,228.5598666724556,9.264853688699002,122.8159070474768,11.082233847355722,0.2409181271164287,0.2351833116265898,4.218710720391855,4.218710720391855,mean,poisson_nll,0.9999999999999999
19,2024-05-20,2024-06-24,271.0,293.4539158788385,7.455456375460409,76.86557829743865,8.767301654296984,0.1941099997261325,0.20367631813743559,3.689816917040553,3.689816917040553,mean,poisson_nll,0.9999999999999999
20,2024-05-27,2024-07-01,261.0,288.8188029206978,9.172358348191409,109.65461136205704,10.471609778924014,0.2407266615844601,0.23497038913528137,3.9958347825543,3.9958347825543,mean,poisson_nll,0.9999999999999999
21,2024-06-03,2024-07-08,284.0,219.28885429438603,13.74432610541459,266.3860378346116,16.321336888705275,0.34481697652194243,0.35311456748460507,6.00971367074911,6.00971367074911,mean,poisson_nll,0.9999999999999999
22,2024-06-10,2024-07-15,311.0,200.74650407578667,20.18011588109621,506.93810954872424,22.515286130731813,0.43437851056074234,0.49251310659947833,9.111250066825223,9.111250066825223,mean,poisson_nll,0.9999999999999999
23,2024-06-17,2024-07-22,319.0,172.93216505805913,24.344639156990144,686.8128034081907,26.20711360314582,0.4929237668303289,0.6125651469263238,12.089211193521834,12.089211193521834,mean,poisson_nll,0.9999999999999999
24,2024-06-24,2024-07-29,318.0,251.73692300288144,11.043846166186425,216.85336226692766,14.72594181256084,0.277847958727563,0.2823552680204086,5.171847628417742,5.171847628417742,mean,poisson_nll,0.9999999999999999
25,2024-07-01,2024-08-05,303.0,270.278079910573,9.437459116739578,140.41813202938818,11.849815696009292,0.23464981576256022,0.2182187765645457,4.25374935913843,4.25374935913843,mean,poisson_nll,0.9999999999999999
26,2024-07-08,2024-08-12,285.0,242.4661818318362,10.184727421213035,177.81408467358196,13.334694772419125,0.28073041626145523,0.2638557748226403,4.694300938697609,4.694300938697609,mean,poisson_nll,0.9999999999999999
27,2024-07-15,2024-08-19,241.0,325.89894732007286,14.60684498394168,300.0353797830913,17.321529371943207,0.43124139515211296,0.4503123642727727,6.273864980391173,6.273864980391173,mean,poisson_nll,0.9999999999999999
28,2024-07-22,2024-08-26,193.0,325.89894732007286,22.14982455334548,555.7858669533397,23.575111175842622,0.7329050106479571,0.6407902559249478,9.257400014294497,9.257400014294497,mean,poisson_nll,0.9999999999999999
29,2024-07-29,2024-09-02,169.0,210.01773342957813,10.420332599383476,140.0887991180784,11.835911418985798,0.4202098728634011,0.4457204217126143,4.9987849408900376,4.9987849408900376,mean,poisson_nll,0.9999999999999999
30,2024-08-05,2024-09-09,136.0,247.10156597735931,18.516927662893224,371.79445035992586,19.281972159505,0.8506752423311027,0.6818264321588325,8.338477413647635,8.338477413647635,mean,poisson_nll,0.9999999999999999
31,2024-08-12,2024-09-16,109.0,200.74650407578667,15.291084012631112,248.95095783818627,15.77817980117435,0.8685236587802395,0.6689171143806999,7.119756776628882,7.119756776628882,mean,poisson_nll,0.9999999999999999
32,2024-08-19,2024-09-23,86.0,159.02462937235367,12.170771562058947,166.0419801480466,12.885727769437262,0.8990042629839948,0.735539392418877,6.359022037983441,6.359022037983441,mean,poisson_nll,0.9999999999999999
33,2024-08-26,2024-09-30,72.0,121.9366740085605,8.322779001426754,89.63278573910934,9.467459307496881,0.7889549422914066,0.6752648966973287,5.001795207901754,5.001795207901754,mean,poisson_nll,0.9999999999999999
34,2024-09-02,2024-10-07,61.0,103.39204527375422,7.065340878959037,71.15397751431092,8.43528170924427,0.8296998402535347,0.6860485047746376,4.695856871345735,4.695856871345735,mean,poisson_nll,0.9999999999999999
35,2024-09-09,2024-10-14,50.0,98.75582026899986,8.125970044833311,82.11506050447998,9.061736064600424,1.0874083277520505,0.7834420869798271,5.195750867003998,5.195750867003998,mean,poisson_nll,0.9999999999999999
36,2024-09-16,2024-10-21,40.0,94.11956813526322,9.019928022543874,88.06323191523042,9.384201186847521,1.407630178027128,0.8501956943347528,5.52805319365701,5.52805319365701,mean,poisson_nll,0.9999999999999999
37,2024-09-23,2024-10-28,35.0,75.57428830487582,6.762381384145969,48.34375562817092,6.952967397318279,1.1919372681117049,0.7079757292860677,4.181367726735938,4.181367726735938,mean,poisson_nll,0.9999999999999999
38,2024-09-30,2024-11-04,34.0,52.39207808109344,3.2842787965751588,14.302298337291246,3.7818379575665646,0.6673831689823349,0.4517629621707927,2.6655186793773717,2.6655186793773717,mean,poisson_nll,0.9999999999999999
39,2024-10-07,2024-11-11,28.0,57.028574388307156,4.838095731384528,32.3191495569662,5.684993364724906,1.2182128638696224,0.8729355109597287,3.830098345223325,3.830098345223325,mean,poisson_nll,0.9999999999999999
40,2024-10-14,2024-11-18,26.0,52.39207808109344,4.39867968018224,27.556660850415515,5.2494438610595235,1.2114101217829667,0.8424073924940187,3.6077409837774965,3.6077409837774965,mean,poisson_nll,0.9999999999999999
41,2024-10-21,2024-11-25,26.0,47.75555464208944,3.6259257736815744,20.624244462644565,4.541392348459288,1.0480136188752203,0.768322965960714,3.2332979657375476,3.2332979657375476,mean,poisson_nll,0.9999999999999999
42,2024-10-28,2024-12-02,24.0,47.75555464208944,4.168510322536874,23.540369818739293,4.851841899602593,1.212960474900648,0.8149559910806359,3.4395366466762085,3.4395366466762085,mean,poisson_nll,0.9999999999999999
43,2024-11-04,2024-12-09,22.0,52.39207808109344,5.065346346848907,29.865091213059365,5.46489626736495,1.4904262547358953,0.8703526975256992,3.7874643987464296,3.7874643987464296,mean,poisson_nll,0.9999999999999999
44,2024-11-11,2024-12-16,19.0,47.75555464208944,4.792592440348241,27.293165521813354,5.224286125569058,1.6497745659691758,0.8869295841238918,3.6810043119624347,3.6810043119624347,mean,poisson_nll,0.9999999999999999
45,2024-11-18,2024-12-23,22.0,29.20918956255538,2.7114654731457186,8.818990507032913,2.969678519138547,0.8099123234014218,0.587118682220125,2.5804026929698844,2.5804026929698844,mean,poisson_nll,0.9999999999999999
46,2024-11-25,2024-12-30,22.0,43.119004071014444,3.7194041222491987,17.537194602085517,4.18774337825105,1.1421118304321045,0.6653122269034246,2.967228381849678,2.967228381849678,mean,poisson_nll,0.9999999999999999
47,2024-12-02,2025-01-06,19.0,47.75555464208944,4.792592440348241,27.36112237370254,5.230786018726301,1.6518271638083053,0.8384961492274603,3.617615545546274,3.617615545546274,mean,poisson_nll,0.9999999999999999
48,2024-12-09,2025-01-13,21.0,38.48242636758763,3.1036268623320926,12.687423892827988,3.561941028825153,1.0176974368071865,0.6172172084800216,2.653675082872748,2.653675082872748,mean,poisson_nll,0.9999999999999999
49,2024-12-16,2025-01-20,21.0,43.119004071014444,3.6865006785024073,16.32026994037488,4.039835385306545,1.1542386815161556,0.6594299205952971,2.877306288928216,2.877306288928216,mean,poisson_nll,0.9999999999999999
50,2024-12-23,2025-01-27,21.0,33.84582153152823,2.7126199165268017,11.455961285003545,3.3846656090378477,0.9670473168679564,0.6206538851603121,2.614129054321633,2.614129054321633,mean,poisson_nll,0.9999999999999999
51,2024-12-30,2025-02-03,22.0,43.119004071014444,3.5198340118357403,16.67235536940042,4.0831795661470025,1.1135944271310005,0.6772021455157934,2.9261829382531572,2.9261829382531572,mean,poisson_nll,0.9999999999999999
52,2025-01-06,2025-02-10,21.0,43.119004071014444,3.6865006785024073,18.083563527174288,4.252477339995393,1.2149935257129691,0.6999434351150063,3.0104186852494403,3.0104186852494403,mean,poisson_nll,0.9999999999999999
53,2025-01-13,2025-02-17,24.0,34.87141174059638,2.6769624268856735,9.463359429399977,3.0762573737254133,0.7690643434313531,0.5421807553346351,2.5154125738789257,2.5154125738789257,mean,poisson_nll,0.9999999999999999
54,2025-01-20,2025-02-24,23.0,50.31936910595664,4.553228184326106,24.395284930223934,4.939158322044753,1.2884760840116747,0.7199773574053321,3.3339431577902734,3.3339431577902734,mean,poisson_nll,0.9999999999999999
55,2025-01-27,2025-03-03,25.0,45.17009859048617,3.3616830984143617,13.519764297134005,3.676923210665951,0.8824615705598281,0.5491117460659032,2.651896865567363,2.651896865567363,mean,poisson_nll,0.9999999999999999
56,2025-02-03,2025-03-10,31.0,34.87141174059638,1.4842839578279459,2.9517280188457553,1.7180593758207996,0.33252762112660633,0.30935338562835285,2.06100794213161,2.06100794213161,mean,poisson_nll,0.9999999999999999
57,2025-02-10,2025-03-17,36.0,50.31936910595664,2.3865615176594397,6.517254768090766,2.552891452469291,0.4254819087448818,0.3656701930006105,2.280980055182978,2.280980055182978,mean,poisson_nll,0.9999999999999999
58,2025-02-17,2025-03-24,39.0,40.020779468952036,1.359084390750386,3.0407256310293964,1.7437676539692426,0.26827194676449884,0.22547646956626266,2.06010364041319,2.06010364041319,mean,poisson_nll,0.9999999999999999
59,2025-02-24,2025-03-31,44.0,50.31936910595664,1.3953601358660717,3.642001078176945,1.9084027557559606,0.26023673942126735,0.2253692785001325,2.126187620307795,2.126187620307795,mean,poisson_nll,0.9999999999999999
60,2025-03-03,2025-04-07,52.0,45.17009859048617,1.8889770996028676,4.086331770712852,2.021467726854142,0.2332462761754779,0.2401893612474058,2.272268697754796,2.272268697754796,mean,poisson_nll,0.9999999999999999
61,2025-03-10,2025-04-14,64.0,55.468591016121465,2.337841223988215,8.974332680385137,2.9957190589881986,0.28084866178014356,0.24741604104366569,2.483728527497002,2.483728527497002,mean,poisson_nll,0.9999999999999999
62,2025-03-17,2025-04-21,69.0,65.76688902356582,1.9674706221427565,7.2658284876678,2.695520077400241,0.23439305020871662,0.22004896806053711,2.4340960219010364,2.4340960219010364,mean,poisson_nll,0.9999999999999999
63,2025-03-24,2025-04-28,73.0,76.06499261888251,2.1189946268329725,7.675547609432198,2.770477866620161,0.22771050958521874,0.23792990749996346,2.4857782159156514,2.4857782159156514,mean,poisson_nll,0.9999999999999999
64,2025-03-31,2025-05-05,79.0,55.468591016121465,3.9219014973130895,22.9547873591699,4.791115460847286,0.3638821868997939,0.3866673593483721,3.300945610761784,3.300945610761784,mean,poisson_nll,0.9999999999999999
65,2025-04-07,2025-05-12,80.0,76.06499261888251,2.7731417579291713,12.419165148663097,3.5240835899086016,0.2643062692431451,0.24000941854168262,2.6840008810165012,2.6840008810165012,mean,poisson_nll,0.9999999999999999
66,2025-04-14,2025-05-19,87.0,86.36290180813455,2.6425675942385816,11.382169098294474,3.373747041242789,0.23267220974088199,0.22070381592587837,2.6507298466191,2.6507298466191,mean,poisson_nll,0.9999999999999999
67,2025-04-21,2025-05-26,87.0,117.25546300012788,5.0425771666879795,30.710184210903524,5.541677021525481,0.38218462217417104,0.3360733917222357,3.1673019533296767,3.1673019533296767,mean,poisson_nll,0.9999999999999999
68,2025-04-28,2025-06-02,95.0,91.5117835023809,2.3845329593962514,7.004348252855519,2.646572926041434,0.1671519742763011,0.162181353564428,2.5157949251364364,2.5157949251364364,mean,poisson_nll,0.9999999999999999
69,2025-05-05,2025-06-09,97.0,96.66061659738452,2.8152171080990076,8.560638601648668,2.9258569004051904,0.18098083920032101,0.17716361933475144,2.5732829367902332,2.5732829367902332,mean,poisson_nll,0.9999999999999999
70,2025-05-12,2025-06-16,104.0,86.36290180813455,3.3761125563522656,16.711849486352186,4.08801290193074,0.2358468981883119,0.23472779680500042,2.8759409890983156,2.8759409890983156,mean,poisson_nll,0.9999999999999999
71,2025-05-19,2025-06-23,110.0,81.21397151388773,4.797671414352048,30.157808989104424,5.491612603698883,0.29954250565630264,0.33064679055431706,3.4134591638608875,3.4134591638608875,mean,poisson_nll,0.9999999999999999
72,2025-05-26,2025-06-30,113.0,122.4040531102846,2.2052910341896297,6.905497816128395,2.627831390353726,0.1395308702842686,0.13306633599834528,2.566574003263064,2.566574003263064,mean,poisson_nll,0.9999999999999999
73,2025-06-02,2025-07-07,115.0,117.25546300012788,1.7944233226984896,4.0835230226554255,2.0207728775533944,0.10543162839409013,0.10189560995591151,2.5044073799540802,2.5044073799540802,mean,poisson_nll,0.9999999999999999
74,2025-06-09,2025-07-14,124.0,132.70108754726732,3.4572350900372997,15.906713841978041,3.9883221838234233,0.19298333147532692,0.17887649828203886,2.7898716987293013,2.7898716987293013,mean,poisson_nll,0.9999999999999999
75,2025-06-16,2025-07-21,119.0,106.95813699269486,4.998943207564655,39.27602404964245,6.267058644184084,0.3159861501269286,0.3135147047113162,3.4030858482984216,3.4030858482984216,mean,poisson_nll,0.9999999999999999
76,2025-06-23,2025-07-28,115.0,122.4040531102846,5.433302320399227,44.297141447667315,6.655609772790718,0.34724920553690697,0.3412883378912854,3.494829157348595,3.494829157348595,mean,poisson_nll,0.9999999999999999
77,2025-06-30,2025-08-04,112.0,112.10682429451714,6.488565842961888,50.75073909900659,7.123955298779364,0.3816404624346087,0.35934671308601074,3.682846608166409,3.682846608166409,mean,poisson_nll,0.9999999999999999
78,2025-07-07,2025-08-11,98.0,137.84953187560865,9.387556837564214,107.16979979774221,10.352284762203087,0.633813352787944,0.5877110884975476,5.068118904973288,5.068118904973288,mean,poisson_nll,0.9999999999999999
79,2025-07-14,2025-08-18,81.0,127.55259462574533,11.03500307484865,145.5104182083917,12.062769922716411,0.8935385127938082,0.8985852640245281,6.604958896759443,6.604958896759443,mean,poisson_nll,0.9999999999999999
80,2025-07-21,2025-08-25,56.0,179.03533723874548,20.505889539790918,446.3377939973357,21.126708072895212,2.263575864953058,1.3118540939960006,12.872713889702888,12.872713889702888,mean,poisson_nll,0.9999999999999999
81,2025-07-28,2025-09-01,50.0,81.21397151388773,7.109904475590846,63.92446826714337,7.995277873041272,0.9594333447649526,0.8237743671965967,4.887109687572948,4.887109687572948,mean,poisson_nll,0.9999999999999999
82,2025-08-04,2025-09-08,39.0,101.80940109390329,10.468233515650551,132.0676595806876,11.492069421156819,1.768010680177972,1.0857096272099573,7.184099929899086,7.184099929899086,mean,poisson_nll,0.9999999999999999
83,2025-08-11,2025-09-15,31.0,96.66061659738452,10.943436099564083,124.89345718578535,11.175574132266554,2.163014348180623,1.0830580908218255,7.077425651265258,7.077425651265258,mean,poisson_nll,0.9999999999999999
84,2025-08-18,2025-09-22,26.0,65.76688902356582,6.627814837260972,48.0738587190044,6.933531475302063,1.6000457250697067,0.8549649410427906,4.441454617957386,4.441454617957386,mean,poisson_nll,0.9999999999999999
85,2025-08-25,2025-09-29,27.0,40.020779468952036,2.743613068879442,11.82392182124177,3.438593000231602,0.7641317778292447,0.5117331535583328,2.5746242849684,2.5746242849684,mean,poisson_nll,0.9999999999999999
86,2025-09-01,2025-10-06,24.0,50.31936910595664,4.38656151765944,28.214157205523303,5.311700029700783,1.3279250074251956,0.7846558945272745,3.5677024178645986,3.5677024178645986,mean,poisson_nll,0.9999999999999999
87,2025-09-08,2025-10-13,20.0,50.31936910595664,5.053228184326106,36.99110813552662,6.082031579622604,1.824609473886781,1.0152197705264088,4.263460189584833,4.263460189584833,mean,poisson_nll,0.9999999999999999
88,2025-09-15,2025-10-20,23.0,45.17009859048617,4.212267677865104,23.18020402120587,4.814582434771044,1.2559780264620113,0.88021925810478,3.519566446047887,3.519566446047887,mean,poisson_nll,0.9999999999999999
89,2025-09-22,2025-10-27,22.0,55.468591016121465,5.5780985026869105,35.443644090981685,5.953456482664645,1.6236699498176306,0.9728162582368404,4.16950203866845,4.16950203866845,mean,poisson_nll,0.9999999999999999
90,2025-09-29,2025-11-03,25.0,40.020779468952036,2.6816130902985242,10.121706115384749,3.181462889204391,0.7635510934090537,0.6430356667373683,2.588765059818686,2.588765059818686,mean,poisson_nll,0.9999999999999999
91,2025-10-06,2025-11-10,28.0,45.17009859048617,2.8616830984143617,10.20481747677148,3.1944980007462016,0.684535285874186,0.616869665459446,2.591368249020617,2.591368249020617,mean,poisson_nll,0.9999999999999999
92,2025-10-13,2025-11-17,34.0,34.87141174059638,1.1712470924904574,2.2157920150437946,1.4885536654900269,0.26268594096882825,0.30776695661969194,2.0013074189833455,2.0013074189833455,mean,poisson_nll,0.9999999999999999
93,2025-10-20,2025-11-24,45.0,29.721995404661133,2.546334099223145,9.207685809188602,3.034416881245654,0.40458891749942055,0.5399701804740755,3.1056675729458383,3.1056675729458383,mean,poisson_nll,0.9999999999999999
94,2025-10-27,2025-12-01,50.0,60.617764321738555,1.8491669289938584,4.360445073187277,2.0881678747618153,0.25058014497141784,0.24177102175311577,2.2306515882186937,2.2306515882186937,mean,poisson_nll,0.9999999999999999
95,2025-11-03,2025-12-08,53.0,50.31936910595664,1.5027492527893103,3.7545875639735606,1.9376758149839102,0.21935952622459354,0.1777678223242386,2.1892691010877123,2.1892691010877123,mean,poisson_nll,0.9999999999999999
96,2025-11-10,2025-12-15,53.0,55.468591016121465,2.563185939490714,9.996283983353583,3.161690051752952,0.3579271756701455,0.3120367496905423,2.5111585879322353,2.5111585879322353,mean,poisson_nll,0.9999999999999999
97,2025-11-17,2025-12-22,50.0,60.617764321738555,3.9786068767003466,22.783711212115705,4.7732285941609485,0.5727874312993138,0.5179019318086768,3.158962539562625,3.158962539562625,mean,poisson_nll,0.9999999999999999
98,2025-11-24,2025-12-29,47.0,65.76688902356582,5.243430000937603,33.99770564921846,5.83075515256973,0.7443517216046464,0.6248495775506476,3.675507118327984,3.675507118327984,mean,poisson_nll,0.9999999999999999
99,2025-12-01,2026-01-05,40.0,86.36290180813455,7.727150301355757,76.15265377326601,8.72654878937063,1.3089823184055944,0.8479424025641614,5.216728979243979,5.216728979243979,mean,poisson_nll,0.9999999999999999
100,2025-12-08,2026-01-12,51.0,86.36290180813455,7.9694037577047725,68.93454184610681,8.302682810158823,0.9767862129598612,0.805061613653995,4.978079789009022,4.978079789009022,mean,poisson_nll,0.9999999999999999
101,2025-12-15,2026-01-19,60.0,65.76688902356582,5.581832468965411,37.73003131761254,6.142477620440513,0.6142477620440512,0.5676950362215164,3.673692540986589,3.673692540986589,mean,poisson_nll,0.9999999999999999
102,2025-12-22,2026-01-26,76.0,55.468591016121465,6.305749243469059,55.83791623482246,7.4724772488661655,0.5899324143841709,0.5213518853925841,4.240195982904046,4.240195982904046,mean,poisson_nll,0.9999999999999999
103,2025-12-29,2026-02-02,86.0,45.17009859048617,7.04032773171282,84.16811441977408,9.174318199178296,0.6400687115705788,0.6288155075142693,5.772732078168081,5.772732078168081,mean,poisson_nll,0.9999999999999999
104,2026-01-05,2026-02-09,114.0,50.31936910595664,10.7570856126796,168.43157272749104,12.97811899804787,0.6830588946340983,0.7798762065678659,8.558499689042124,8.558499689042124,mean,poisson_nll,0.9999999999999999
105,2026-01-12,2026-02-16,138.0,50.95383755765032,14.507693740391614,243.50654228622497,15.604696161291477,0.6784650504909338,0.956456026526318,11.767683537537943,11.767683537537943,mean,poisson_nll,0.9999999999999999
106,2026-01-19,2026-02-23,130.0,145.91508157143116,6.713681852232209,57.858346044895164,7.60646738275365,0.3510677253578608,0.3470924988038085,3.7221851829101524,3.7221851829101524,mean,poisson_nll,0.9999999999999999
107,2026-01-26,2026-03-02,131.0,114.26332668721695,6.862846107158276,63.40434198071994,7.962684345164006,0.36470309977850407,0.3345233554987695,3.901820541622004,3.901820541622004,mean,poisson_nll,0.9999999999999999
108,2026-02-02,2026-03-09,117.0,140.63992748865337,9.684762673954836,108.52640574487852,10.417600767205398,0.534235936779764,0.5535856818472926,5.009324754601073,5.009324754601073,mean,poisson_nll,0.9999999999999999
109,2026-02-09,2026-03-16,116.0,98.43670186274305,8.427321996653122,113.99952903291832,10.677056196954211,0.5522615274286661,0.5356806139827062,5.465418762603018,5.465418762603018,mean,poisson_nll,0.9999999999999999
110,2026-02-16,2026-03-23,96.0,198.6635779184121,17.110596319735354,338.4631947484423,18.39736923444334,1.1498355771527087,0.8481307158516793,9.028097846125899,9.028097846125899,mean,poisson_nll,0.9999999999999999
111,2026-02-23,2026-03-30,92.0,177.56484360386705,14.260807267311174,225.88483314176835,15.029465497540768,0.9801825324483109,0.7450420943392403,7.228060664011009,7.228060664011009,mean,poisson_nll,0.9999999999999999
112,2026-03-02,2026-04-06,104.0,103.71229883504486,5.456760724471621,33.211998244718465,5.762985185189917,0.3266042792337978,0.3431539436604053,3.2969319922144034,3.2969319922144034,mean,poisson_nll,1.0333333333333332
113,2026-03-09,2026-04-13,110.0,119.53875756895255,5.433818080100654,36.14963157709308,6.012456367999112,0.3161966849732657,0.3740340051133895,3.429710729934613,3.429710729934613,mean,poisson_nll,1.1166666666666667
114,2026-03-16,2026-04-20,118.0,66.78195732314556,8.053848569176376,93.22152424869856,9.655129426822748,0.49104687309468403,0.535419568864667,5.449715685055424,5.449715685055424,mean,poisson_nll,1.2833333333333332
115,2026-03-23,2026-04-27,121.0,93.1610495250535,4.744316097049206,42.15981607648594,6.493059069228151,0.33788987645661517,0.31481903290846247,3.5527280571213327,3.5527280571213327,mean,poisson_nll,1.6166666666666667
116,2026-03-30,2026-05-04,129.0,93.1610495250535,4.210813695571408,35.49412486086754,5.957694592782307,0.2925120591646624,0.2943935927080861,3.4303478730660957,3.4303478730660957,mean,poisson_nll,2.45
