block_id,source_week_index,date,week_coverage,observed_cases,predicted_cases
0,1,2024-01-08,1,12.0,7.314158560921339
0,2,2024-01-15,2,12.0,8.045123682491415
0,3,2024-01-22,3,9.0,9.029344266404095
0,4,2024-01-29,4,8.0,9.97284674431289
0,5,2024-02-05,5,16.0,10.884076154338704
0,6,2024-02-12,6,12.0,11.783024979838721
1,2,2024-01-15,2,12.0,12.168932302125867
1,3,2024-01-22,3,9.0,12.264527761409704
1,4,2024-01-29,4,8.0,12.85956967001431
1,5,2024-02-05,5,16.0,13.546552575420655
1,6,2024-02-12,6,12.0,14.288756132418028
1,7,2024-02-19,6,14.0,15.082310515961623
2,3,2024-01-22,3,9.0,12.168932302125867
2,4,2024-01-29,4,8.0,12.264527761409704
2,5,2024-02-05,5,16.0,12.85956967001431
2,6,2024-02-12,6,12.0,13.546552575420655
2,7,2024-02-19,6,14.0,14.288756132418028
2,8,2024-02-26,6,28.0,15.082310515961623
3,4,2024-01-29,4,8.0,9.25606921926149
3,5,2024-02-05,5,16.0,9.732890561024739
3,6,2024-02-12,6,12.0,10.561444505919185
3,7,2024-02-19,6,14.0,11.402344465077928
3,8,2024-02-26,6,28.0,12.245969500994553
3,9,2024-03-04,6,27.0,13.102767356209364
4,5,2024-02-05,5,16.0,8.285114083734657
4,6,2024-02-12,6,12.0,8.889007996254925
4,7,2024-02-19,6,14.0,9.795396065850156
4,8,2024-02-26,6,28.0,10.687598169441358
4,9,2024-03-04,6,27.0,11.565026386956799
4,10,2024-03-11,6,33.0,12.442900861773616
5,6,2024-02-12,6,12.0,16.052744323951263
5,7,2024-02-19,6,14.0,15.640019542906835
5,8,2024-02-26,6,28.0,15.923689525107712
5,9,2024-03-04,6,27.0,16.405424911990224
5,10,2024-03-11,6,33.0,17.01237198566491
5,11,2024-03-18,6,36.0,17.721569979378913
6,7,2024-02-19,6,14.0,12.168932302125867
6,8,2024-02-26,6,28.0,12.264527761409704
6,9,2024-03-04,6,27.0,12.85956967001431
6,10,2024-03-11,6,33.0,13.546552575420655
6,11,2024-03-18,6,36.0,14.288756132418028
6,12,2024-03-25,6,29.0,15.082310515961623
7,8,2024-02-26,6,28.0,14.110839087608166
7,9,2024-03-04,6,27.0,13.952277150100374
7,10,2024-03-11,6,33.0,14.391636316134736
7,11,2024-03-18,6,36.0,14.975999002227871
7,12,2024-03-25,6,29.0,15.650578295251343
7,13,2024-04-01,6,39.0,16.40195902094068
8,9,2024-03-04,6,27.0,27.704143210212727
8,10,2024-03-11,6,33.0,25.76632698786829
8,11,2024-03-18,6,36.0,25.11572660558225
8,12,2024-03-25,6,29.0,24.98154952984734
8,13,2024-04-01,6,39.0,25.182536242828732
8,14,2024-04-08,6,58.0,25.638447317153553
9,10,2024-03-11,6,33.0,26.733195433075704
9,11,2024-03-18,6,36.0,24.922477653261605
9,12,2024-03-25,6,29.0,24.349741990821432
9,13,2024-04-01,6,39.0,24.266900687251834
9,14,2024-04-08,6,58.0,24.50172836676315
9,15,2024-04-15,6,42.0,24.978759157844788
10,11,2024-03-18,6,36.0,32.55887628669052
10,12,2024-03-25,6,29.0,29.98554742720424
10,13,2024-04-01,6,39.0,28.945599293540205
10,14,2024-04-08,6,58.0,28.55471681274942
10,15,2024-04-15,6,42.0,28.586468869805184
10,16,2024-04-22,6,40.0,28.936747347281386
11,12,2024-03-25,6,29.0,35.4717114852215
11,13,2024-04-01,6,39.0,32.517058703983636
11,14,2024-04-08,6,58.0,31.24348259817893
11,15,2024-04-15,6,42.0,30.698555639814096
11,16,2024-04-22,6,40.0,30.628743046161482
11,17,2024-04-29,6,34.0,30.915614757406896
12,13,2024-04-01,6,39.0,28.675090600068863
12,14,2024-04-08,6,58.0,26.6101745735568
12,15,2024-04-15,6,42.0,25.881707861266666
12,16,2024-04-22,6,40.0,25.69619324371994
12,17,2024-04-29,6,34.0,25.863337001898678
12,18,2024-05-06,6,44.0,26.29812609184273
13,14,2024-04-08,6,58.0,38.38454319824502
13,15,2024-04-15,6,42.0,35.04855424077098
13,16,2024-04-22,6,40.0,33.54133567221154
13,17,2024-04-29,6,34.0,32.842348311139915
13,18,2024-05-06,6,44.0,32.67095317525966
13,19,2024-05-13,6,58.0,32.89439771631875
14,15,2024-04-15,6,42.0,56.83239643998802
14,16,2024-04-22,6,40.0,51.080993796071844
14,17,2024-04-29,6,34.0,48.093703145403396
14,18,2024-05-06,6,44.0,46.41863012432523
14,19,2024-05-13,6,58.0,45.60346347783394
14,20,2024-05-20,6,57.0,45.42472889521606
15,16,2024-04-22,6,40.0,41.297371425768624
15,17,2024-04-29,6,34.0,37.58003403766817
15,18,2024-05-06,6,44.0,35.83915851604372
15,19,2024-05-13,6,58.0,34.98609482776468
15,20,2024-05-20,6,57.0,34.71309925923825
15,21,2024-05-27,6,42.0,34.87309622790261
16,17,2024-04-29,6,34.0,39.355486328030274
16,18,2024-05-06,6,44.0,35.89238258860838
16,19,2024-05-13,6,58.0,34.307279979046726
16,20,2024-05-20,6,57.0,33.556935611597
16,21,2024-05-27,6,42.0,33.3516756526046
16,22,2024-06-03,6,38.0,33.553973269691184
17,18,2024-05-06,6,44.0,33.52982174014659
17,19,2024-05-13,6,58.0,30.829386268358313
17,20,2024-05-20,6,57.0,29.711563754067697
17,21,2024-05-27,6,42.0,29.269334883583767
17,22,2024-06-03,6,38.0,29.267234045084606
17,23,2024-06-10,6,32.0,29.596379201031223
18,19,2024-05-13,6,58.0,43.2392549743993
18,20,2024-05-20,6,57.0,39.267678491266565
18,21,2024-05-27,6,42.0,37.37102361757647
18,22,2024-06-03,6,38.0,36.415233531193195
18,23,2024-06-10,6,32.0,36.07449440232479
18,24,2024-06-17,6,49.0,36.19218165569525
19,20,2024-05-20,6,57.0,56.83239643998802
19,21,2024-05-27,6,42.0,51.080993796071844
19,22,2024-06-03,6,38.0,48.093703145403396
19,23,2024-06-10,6,32.0,46.41863012432523
19,24,2024-06-17,6,49.0,45.60346347783394
19,25,2024-06-24,6,53.0,45.42472889521606
20,21,2024-05-27,6,42.0,55.86146028115442
20,22,2024-06-03,6,38.0,50.2371969273693
20,23,2024-06-10,6,32.0,47.32781929639942
20,24,2024-06-17,6,49.0,45.70413512669737
20,25,2024-06-24,6,53.0,44.922869077184714
20,26,2024-07-01,6,47.0,44.7653222118926
21,22,2024-06-03,6,38.0,41.297371425768624
21,23,2024-06-10,6,32.0,37.58003403766817
21,24,2024-06-17,6,49.0,35.83915851604372
21,25,2024-06-24,6,53.0,34.98609482776468
21,26,2024-07-01,6,47.0,34.71309925923825
21,27,2024-07-08,6,65.0,34.87309622790261
22,23,2024-06-10,6,32.0,37.413599681181964
22,24,2024-06-17,6,49.0,34.2047241440569
22,25,2024-06-24,6,53.0,32.77538800646518
22,26,2024-07-01,6,47.0,32.12775588238266
22,27,2024-07-08,6,65.0,31.99022358179024
22,28,2024-07-15,6,65.0,32.234812779909745
23,24,2024-06-17,6,49.0,31.587930445954992
23,25,2024-06-24,6,53.0,29.141706837150807
23,26,2024-07-01,6,47.0,28.179631474011362
23,27,2024-07-08,6,65.0,27.84009361338429
23,28,2024-07-15,6,65.0,27.905696577926122
23,29,2024-07-22,6,40.0,28.27710610963158
24,25,2024-06-24,6,53.0,48.09395706864467
24,26,2024-07-01,6,47.0,43.48675902031697
24,27,2024-07-08,6,65.0,41.20062759204095
24,28,2024-07-15,6,65.0,39.98799054854856
24,29,2024-07-22,6,40.0,39.477857736180724
24,30,2024-07-29,6,48.0,39.489731037149575
25,26,2024-07-01,6,47.0,51.977711773090135
25,27,2024-07-08,6,65.0,46.86199196443381
25,28,2024-07-15,6,65.0,44.264250313826444
25,29,2024-07-22,6,40.0,42.84610385971895
25,30,2024-07-29,6,48.0,42.200420326807524
25,31,2024-08-05,6,38.0,42.12760167269616
26,27,2024-07-08,6,65.0,46.15207739277333
26,28,2024-07-15,6,65.0,41.799132055240015
26,29,2024-07-22,6,40.0,39.668796078642984
26,30,2024-07-29,6,48.0,38.55890312562266
26,31,2024-08-05,6,38.0,38.11653374918987
26,32,2024-08-12,6,29.0,38.17073943036732
27,28,2024-07-15,6,65.0,63.62893870821139
27,29,2024-07-22,6,40.0,56.98752291066229
27,30,2024-07-29,6,48.0,53.454796047754435
27,31,2024-08-05,6,38.0,51.419951537917186
27,32,2024-08-12,6,29.0,50.36742507746237
27,33,2024-08-19,6,21.0,50.040313038065186
28,29,2024-07-22,6,40.0,63.62893870821139
28,30,2024-07-29,6,48.0,56.98752291066229
28,31,2024-08-05,6,38.0,53.454796047754435
28,32,2024-08-12,6,29.0,51.419951537917186
28,33,2024-08-19,6,21.0,50.36742507746237
28,34,2024-08-26,6,17.0,50.040313038065186
29,30,2024-07-29,6,48.0,39.355486328030274
29,31,2024-08-05,6,38.0,35.89238258860838
29,32,2024-08-12,6,29.0,34.307279979046726
29,33,2024-08-19,6,21.0,33.556935611597
29,34,2024-08-26,6,17.0,33.3516756526046
29,35,2024-09-02,6,16.0,33.553973269691184
30,31,2024-08-05,6,38.0,47.12301742434663
30,32,2024-08-12,6,29.0,42.642946412199876
30,33,2024-08-19,6,21.0,40.434713514729964
30,34,2024-08-26,6,17.0,39.273449401062706
30,35,2024-09-02,6,16.0,38.79719930039107
30,36,2024-09-09,6,15.0,38.83023992462908
31,32,2024-08-12,6,29.0,37.413599681181964
31,33,2024-08-19,6,21.0,34.2047241440569
31,34,2024-08-26,6,17.0,32.77538800646518
31,35,2024-09-02,6,16.0,32.12775588238266
31,36,2024-09-09,6,15.0,31.99022358179024
31,37,2024-09-16,6,11.0,32.234812779909745
32,33,2024-08-19,6,21.0,28.675090600068863
32,34,2024-08-26,6,17.0,26.6101745735568
32,35,2024-09-02,6,16.0,25.881707861266666
32,36,2024-09-09,6,15.0,25.69619324371994
32,37,2024-09-16,6,11.0,25.863337001898678
32,38,2024-09-23,6,6.0,26.29812609184273
33,34,2024-08-26,6,17.0,20.907500637339787
33,35,2024-09-02,6,16.0,19.859344918127743
33,36,2024-09-09,6,15.0,19.753763760809143
33,37,2024-09-16,6,11.0,19.97889992634355
33,38,2024-09-23,6,6.0,20.416731649022545
33,39,2024-09-30,6,7.0,21.020433116917747
34,35,2024-09-02,6,16.0,17.023696361196325
34,36,2024-09-09,6,15.0,16.483888115862925
34,37,2024-09-16,6,11.0,16.689711090701497
34,38,2024-09-23,6,6.0,17.12013017307575
34,39,2024-09-30,6,7.0,17.69325815391245
34,40,2024-10-07,6,6.0,18.38136137900527
35,36,2024-09-09,6,15.0,16.052744323951263
35,37,2024-09-16,6,11.0,15.640019542906835
35,38,2024-09-23,6,6.0,15.923689525107712
35,39,2024-09-30,6,7.0,16.405424911990224
35,40,2024-10-07,6,6.0,17.01237198566491
35,41,2024-10-14,6,5.0,17.721569979378913
36,37,2024-09-16,6,11.0,15.08179189942198
36,38,2024-09-23,6,6.0,14.79614922098725
36,39,2024-09-30,6,7.0,15.157664600257156
36,40,2024-10-07,6,6.0,15.690714521720452
36,41,2024-10-14,6,5.0,16.331478699470985
36,42,2024-10-21,6,5.0,17.061769193405418
37,38,2024-09-23,6,6.0,11.197978328456813
37,39,2024-09-30,6,7.0,11.420650443598355
37,40,2024-10-07,6,6.0,12.093531307986229
37,41,2024-10-14,6,5.0,12.831821668029118
37,42,2024-10-21,6,5.0,13.607834373645922
37,43,2024-10-28,6,6.0,14.422472183159375
38,39,2024-09-30,6,7.0,6.343202650821244
38,40,2024-10-07,6,6.0,7.201237619730419
38,41,2024-10-14,6,5.0,8.263289107565969
38,42,2024-10-21,6,5.0,9.258090189654077
38,43,2024-10-28,6,6.0,10.203118803061033
38,44,2024-11-04,6,5.0,11.123139710260697
39,40,2024-10-07,6,6.0,7.314158560921339
39,41,2024-10-14,6,5.0,8.045123682491415
39,42,2024-10-21,6,5.0,9.029344266404095
39,43,2024-10-28,6,6.0,9.97284674431289
39,44,2024-11-04,6,5.0,10.884076154338704
39,45,2024-11-11,6,1.0,11.783024979838721
40,41,2024-10-14,6,5.0,6.343202650821244
40,42,2024-10-21,6,5.0,7.201237619730419
40,43,2024-10-28,6,6.0,8.263289107565969
40,44,2024-11-04,6,5.0,9.258090189654077
40,45,2024-11-11,6,1.0,10.203118803061033
40,46,2024-11-18,6,4.0,11.123139710260697
41,42,2024-10-21,6,5.0,5.372246353434103
41,43,2024-10-28,6,6.0,6.357349807968173
41,44,2024-11-04,6,5.0,7.497230589320735
41,45,2024-11-11,6,1.0,8.54332850542644
41,46,2024-11-18,6,4.0,9.5221543330445
41,47,2024-11-25,6,5.0,10.463245052895493
42,43,2024-10-28,6,6.0,5.372246353434103
42,44,2024-11-04,6,5.0,6.357349807968173
42,45,2024-11-11,6,1.0,7.497230589320735
42,46,2024-11-18,6,4.0,8.54332850542644
42,47,2024-11-25,6,5.0,9.5221543330445
42,48,2024-12-02,6,3.0,10.463245052895493
43,44,2024-11-04,6,5.0,6.343202650821244
43,45,2024-11-11,6,1.0,7.201237619730419
43,46,2024-11-18,6,4.0,8.263289107565969
43,47,2024-11-25,6,5.0,9.258090189654077
43,48,2024-12-02,6,3.0,10.203118803061033
43,49,2024-12-09,6,4.0,11.123139710260697
44,45,2024-11-11,6,1.0,5.372246353434103
44,46,2024-11-18,6,4.0,6.357349807968173
44,47,2024-11-25,6,5.0,7.497230589320735
44,48,2024-12-02,6,3.0,8.54332850542644
44,49,2024-12-09,6,4.0,9.5221543330445
44,50,2024-12-16,6,2.0,10.463245052895493
45,46,2024-11-18,6,4.0,1.488417291009387
45,47,2024-11-25,6,5.0,2.9817810708311487
45,48,2024-12-02,6,3.0,4.43296292196819
45,49,2024-12-09,6,4.0,5.684230472058761
45,50,2024-12-16,6,2.0,6.798225264005055
45,51,2024-12-23,6,4.0,7.8235725426828395
46,47,2024-11-25,6,5.0,4.401289668759626
46,48,2024-12-02,6,3.0,5.513460247200897
46,49,2024-12-09,6,4.0,6.731168711653369
46,50,2024-12-16,6,2.0,7.8285616915915455
46,51,2024-12-23,6,4.0,8.841182744209885
46,52,2024-12-30,6,4.0,9.80334100759912
47,48,2024-12-02,6,3.0,5.372246353434103
47,49,2024-12-09,6,4.0,6.357349807968173
47,50,2024-12-16,6,2.0,7.497230589320735
47,51,2024-12-23,6,4.0,8.54332850542644
47,52,2024-12-30,6,4.0,9.5221543330445
47,53,2025-01-06,6,2.0,10.463245052895493
48,49,2024-12-09,6,4.0,3.430332596797537
48,50,2024-12-16,6,2.0,4.66956893742482
48,51,2024-12-23,6,4.0,5.965103474548845
48,52,2024-12-30,6,4.0,7.113789748110932
48,53,2025-01-06,6,2.0,8.160204036477936
48,54,2025-01-13,6,5.0,9.143427574227559
49,50,2024-12-16,6,2.0,4.401289668759626
49,51,2024-12-23,6,4.0,5.513460247200897
49,52,2024-12-30,6,4.0,6.731168711653369
49,53,2025-01-06,6,2.0,7.8285616915915455
49,54,2025-01-13,6,5.0,8.841182744209885
49,55,2025-01-20,6,4.0,9.80334100759912
50,51,2024-12-23,6,4.0,2.4593751375475503
50,52,2024-12-30,6,4.0,3.825675878636162
50,53,2025-01-06,6,2.0,5.19903487799213
50,54,2025-01-13,6,5.0,6.399012674946162
50,55,2025-01-20,6,4.0,7.479218209769416
50,56,2025-01-27,6,2.0,8.483504752636811
51,52,2024-12-30,6,4.0,4.401289668759626
51,53,2025-01-06,6,2.0,5.513460247200897
51,54,2025-01-13,6,5.0,6.731168711653369
51,55,2025-01-20,6,4.0,7.8285616915915455
51,56,2025-01-27,6,2.0,8.841182744209885
51,57,2025-02-03,6,5.0,9.80334100759912
52,53,2025-01-06,6,2.0,4.401289668759626
52,54,2025-01-13,6,5.0,5.513460247200897
52,55,2025-01-20,6,4.0,6.731168711653369
52,56,2025-01-27,6,2.0,7.8285616915915455
52,57,2025-02-03,6,5.0,8.841182744209885
52,58,2025-02-10,6,3.0,9.80334100759912
53,54,2025-01-13,6,5.0,2.482853996814352
53,55,2025-01-20,6,4.0,3.921964592826818
53,56,2025-01-27,6,2.0,5.360555143300359
53,57,2025-02-03,6,5.0,6.610730157094036
53,58,2025-02-10,6,3.0,7.729905313167948
53,59,2025-02-17,6,5.0,8.765402537392866
54,55,2025-01-20,6,4.0,5.430941391017113
54,56,2025-01-27,6,2.0,6.598061871210092
54,57,2025-02-03,6,5.0,7.901012050360176
54,58,2025-02-10,6,3.0,9.072592095019928
54,59,2025-02-17,6,5.0,10.14882938700308
54,60,2025-02-24,6,4.0,11.167932311346249
55,56,2025-01-27,6,2.0,4.448246261647774
55,57,2025-02-03,6,5.0,5.706032490381544
55,58,2025-02-10,6,3.0,7.054199001045054
55,59,2025-02-17,6,5.0,8.251980594051687
55,60,2025-02-24,6,4.0,9.342534175073425
55,61,2025-03-03,6,6.0,10.367106068286686
56,57,2025-02-03,6,5.0,2.482853996814352
56,58,2025-02-10,6,3.0,3.921964592826818
56,59,2025-02-17,6,5.0,5.360555143300359
56,60,2025-02-24,6,4.0,6.610730157094036
56,61,2025-03-03,6,6.0,7.729905313167948
56,62,2025-03-10,6,8.0,8.765402537392866
57,58,2025-02-10,6,3.0,5.430941391017113
57,59,2025-02-17,6,5.0,6.598061871210092
57,60,2025-02-24,6,4.0,7.901012050360176
57,61,2025-03-03,6,6.0,9.072592095019928
57,62,2025-03-10,6,8.0,10.14882938700308
57,63,2025-03-17,6,10.0,11.167932311346249
58,59,2025-02-17,6,5.0,3.465550463580446
58,60,2025-02-24,6,4.0,4.814000064257247
58,61,2025-03-03,6,6.0,6.207380032038831
58,62,2025-03-10,6,8.0,7.431359948111279
58,63,2025-03-17,6,10.0,8.536226150533135
58,64,2025-03-24,6,6.0,9.566262810431098
59,60,2025-02-24,6,4.0,5.430941391017113
59,61,2025-03-03,6,6.0,6.598061871210092
59,62,2025-03-10,6,8.0,7.901012050360176
59,63,2025-03-17,6,10.0,9.072592095019928
59,64,2025-03-24,6,6.0,10.14882938700308
59,65,2025-03-31,6,10.0,11.167932311346249
60,61,2025-03-03,6,6.0,4.448246261647774
60,62,2025-03-10,6,8.0,5.706032490381544
60,63,2025-03-17,6,10.0,7.054199001045054
60,64,2025-03-24,6,6.0,8.251980594051687
60,65,2025-03-31,6,10.0,9.342534175073425
60,66,2025-04-07,6,12.0,10.367106068286686
61,62,2025-03-10,6,8.0,6.413635851689245
61,63,2025-03-17,6,10.0,7.490088206753286
61,64,2025-03-24,6,6.0,8.747819180025376
61,65,2025-03-31,6,10.0,9.893194451120685
61,66,2025-04-07,6,12.0,10.955111786536413
61,67,2025-04-14,6,18.0,11.968741539996458
62,63,2025-03-17,6,10.0,8.379022766944972
62,64,2025-03-24,6,6.0,9.274131742025137
62,65,2025-03-31,6,10.0,10.441415680570604
62,66,2025-04-07,6,12.0,11.534371729138433
62,67,2025-04-14,6,18.0,12.567638149271241
62,68,2025-04-21,6,13.0,13.570308955615445
63,64,2025-03-24,6,6.0,10.344407007421172
63,65,2025-03-31,6,10.0,11.058163096280207
63,66,2025-04-07,6,12.0,12.134988503010025
63,67,2025-04-14,6,18.0,13.17551242894234
63,68,2025-04-21,6,13.0,14.180113264992128
63,69,2025-04-28,6,14.0,15.171808318236641
64,65,2025-03-31,6,10.0,6.413635851689245
64,66,2025-04-07,6,12.0,7.490088206753286
64,67,2025-04-14,6,18.0,8.747819180025376
64,68,2025-04-21,6,13.0,9.893194451120685
64,69,2025-04-28,6,14.0,10.955111786536413
64,70,2025-05-05,6,12.0,11.968741539996458
65,66,2025-04-07,6,12.0,10.344407007421172
65,67,2025-04-14,6,18.0,11.058163096280207
65,68,2025-04-21,6,13.0,12.134988503010025
65,69,2025-04-28,6,14.0,13.17551242894234
65,70,2025-05-05,6,12.0,14.180113264992128
65,71,2025-05-12,6,11.0,15.171808318236641
66,67,2025-04-14,6,18.0,12.309788573124063
66,68,2025-04-21,6,13.0,12.842182269601597
66,69,2025-04-28,6,14.0,13.828537647672913
66,70,2025-05-05,6,12.0,14.816616551369755
66,71,2025-05-12,6,11.0,15.792537135413257
66,72,2025-05-19,6,19.0,16.77323963095295
67,68,2025-04-21,6,13.0,18.205917221654964
67,69,2025-04-28,6,14.0,18.19416670479464
67,70,2025-05-05,6,12.0,18.909043018294987
67,71,2025-05-12,6,11.0,19.739709462766324
67,72,2025-05-19,6,19.0,20.629501292018517
67,73,2025-05-26,6,18.0,21.577125300598443
68,69,2025-04-28,6,14.0,13.292478352937454
68,70,2025-05-05,6,12.0,13.73418728843814
68,71,2025-05-12,6,11.0,14.675303340941056
68,72,2025-05-19,6,19.0,15.63715489632895
68,73,2025-05-26,6,18.0,16.598729854172056
68,74,2025-06-02,6,21.0,17.57392976956323
69,70,2025-05-05,6,12.0,14.275167464059848
69,71,2025-05-12,6,11.0,14.626189262072405
69,72,2025-05-19,6,19.0,15.522063114888528
69,73,2025-05-26,6,18.0,16.457684097258014
69,74,2025-06-02,6,21.0,17.404909762248685
69,75,2025-06-09,6,16.0,18.37460289685702
70,71,2025-05-12,6,11.0,12.309788573124063
70,72,2025-05-19,6,19.0,12.842182269601597
70,73,2025-05-26,6,18.0,13.828537647672913
70,74,2025-06-02,6,21.0,14.816616551369755
70,75,2025-06-09,6,16.0,15.792537135413257
70,76,2025-06-16,6,19.0,16.77323963095295
71,72,2025-05-19,6,19.0,11.327098124618896
71,73,2025-05-26,6,18.0,11.950174205552425
71,74,2025-06-02,6,21.0,12.98176603504296
71,75,2025-06-09,6,16.0,13.99606906227578
71,76,2025-06-16,6,19.0,14.986331605758034
71,77,2025-06-23,6,17.0,15.972532480639623
72,73,2025-05-26,6,18.0,19.188602989334004
72,74,2025-06-02,6,21.0,19.086153452573416
72,75,2025-06-09,6,16.0,19.75577319625651
72,76,2025-06-16,6,19.0,20.5601929451147
72,77,2025-06-23,6,17.0,21.435617149897986
72,78,2025-06-30,6,22.0,22.377713377107995
73,74,2025-06-02,6,21.0,18.205917221654964
73,75,2025-06-09,6,16.0,18.19416670479464
73,76,2025-06-16,6,19.0,18.909043018294987
73,77,2025-06-23,6,17.0,19.739709462766324
73,78,2025-06-30,6,22.0,20.629501292018517
73,79,2025-07-07,6,20.0,21.577125300598443
74,75,2025-06-09,6,16.0,21.153972518633864
74,76,2025-06-16,6,19.0,20.87011781272156
74,77,2025-06-23,6,17.0,21.449215794999557
74,78,2025-06-30,6,22.0,22.20113247970962
74,79,2025-07-07,6,20.0,23.047810437680962
74,80,2025-07-14,6,30.0,23.978838503521768
75,76,2025-06-16,6,19.0,16.240543680234744
75,77,2025-06-23,6,17.0,16.410184073775714
75,78,2025-06-30,6,22.0,17.21556490498613
75,79,2025-07-07,6,20.0,18.098715067444434
75,80,2025-07-14,6,30.0,19.017231147212442
75,81,2025-07-21,6,11.0,19.97589811904139
76,77,2025-06-23,6,17.0,19.188602989334004
76,78,2025-06-30,6,22.0,19.086153452573416
76,79,2025-07-07,6,20.0,19.75577319625651
76,80,2025-07-14,6,30.0,20.5601929451147
76,81,2025-07-21,6,11.0,21.435617149897986
76,82,2025-07-28,6,15.0,22.377713377107995
77,78,2025-06-30,6,22.0,17.223230785288802
77,79,2025-07-07,6,20.0,17.302176911865537
77,80,2025-07-14,6,30.0,18.06230692121857
77,81,2025-07-21,6,11.0,18.919216836911115
77,82,2025-07-28,6,15.0,19.82337262452807
77,83,2025-08-04,6,14.0,20.77652021470505
78,79,2025-07-07,6,20.0,22.136656280256226
78,80,2025-07-14,6,30.0,21.76209542511169
78,81,2025-07-21,6,11.0,22.295928215863384
78,82,2025-07-28,6,15.0,23.021588532165467
78,83,2025-08-04,6,14.0,23.853887868012926
78,84,2025-08-11,6,8.0,24.779375554198964
79,80,2025-07-14,6,30.0,20.171288088326722
79,81,2025-07-21,6,11.0,19.978137155212266
79,82,2025-07-28,6,15.0,20.60249745514433
79,83,2025-08-04,6,14.0,21.380667284060934
79,84,2025-08-11,6,8.0,22.24172019838076
79,85,2025-08-18,6,3.0,23.178284444620317
80,81,2025-07-21,6,11.0,29.998102300675974
80,82,2025-07-28,6,15.0,28.89780670118924
80,83,2025-08-04,6,14.0,29.069414504021683
80,84,2025-08-11,6,8.0,29.584907809427406
80,85,2025-08-18,6,3.0,30.302046213515144
80,86,2025-08-25,6,5.0,31.183059709916023
81,82,2025-07-28,6,15.0,11.327098124618896
81,83,2025-08-04,6,14.0,11.950174205552425
81,84,2025-08-11,6,8.0,12.98176603504296
81,85,2025-08-18,6,3.0,13.99606906227578
81,86,2025-08-25,6,5.0,14.986331605758034
81,87,2025-09-01,6,5.0,15.972532480639623
82,83,2025-08-04,6,14.0,15.257855906492022
82,84,2025-08-11,6,8.0,15.518188190514811
82,85,2025-08-18,6,3.0,16.36881696955652
82,86,2025-08-25,6,5.0,17.278204154261637
82,87,2025-09-01,6,5.0,18.211076859857407
82,88,2025-09-08,6,4.0,19.175259013220902
83,84,2025-08-11,6,8.0,14.275167464059848
83,85,2025-08-18,6,3.0,14.626189262072405
83,86,2025-08-25,6,5.0,15.522063114888528
83,87,2025-09-01,6,5.0,16.457684097258014
83,88,2025-09-08,6,4.0,17.404909762248685
83,89,2025-09-15,6,6.0,18.37460289685702
84,85,2025-08-18,6,3.0,8.379022766944972
84,86,2025-08-25,6,5.0,9.274131742025137
84,87,2025-09-01,6,5.0,10.441415680570604
84,88,2025-09-08,6,4.0,11.534371729138433
84,89,2025-09-15,6,6.0,12.567638149271241
84,90,2025-09-22,6,3.0,13.570308955615445
85,86,2025-08-25,6,5.0,3.465550463580446
85,87,2025-09-01,6,5.0,4.814000064257247
85,88,2025-09-08,6,4.0,6.207380032038831
85,89,2025-09-15,6,6.0,7.431359948111279
85,90,2025-09-22,6,3.0,8.536226150533135
85,91,2025-09-29,6,4.0,9.566262810431098
86,87,2025-09-01,6,5.0,5.430941391017113
86,88,2025-09-08,6,4.0,6.598061871210092
86,89,2025-09-15,6,6.0,7.901012050360176
86,90,2025-09-22,6,3.0,9.072592095019928
86,91,2025-09-29,6,4.0,10.14882938700308
86,92,2025-10-06,6,2.0,11.167932311346249
87,88,2025-09-08,6,4.0,5.430941391017113
87,89,2025-09-15,6,6.0,6.598061871210092
87,90,2025-09-22,6,3.0,7.901012050360176
87,91,2025-09-29,6,4.0,9.072592095019928
87,92,2025-10-06,6,2.0,10.14882938700308
87,93,2025-10-13,6,1.0,11.167932311346249
88,89,2025-09-15,6,6.0,4.448246261647774
88,90,2025-09-22,6,3.0,5.706032490381544
88,91,2025-09-29,6,4.0,7.054199001045054
88,92,2025-10-06,6,2.0,8.251980594051687
88,93,2025-10-13,6,1.0,9.342534175073425
88,94,2025-10-20,6,7.0,10.367106068286686
89,90,2025-09-22,6,3.0,6.413635851689245
89,91,2025-09-29,6,4.0,7.490088206753286
89,92,2025-10-06,6,2.0,8.747819180025376
89,93,2025-10-13,6,1.0,9.893194451120685
89,94,2025-10-20,6,7.0,10.955111786536413
89,95,2025-10-27,6,5.0,11.968741539996458
90,91,2025-09-29,6,4.0,3.465550463580446
90,92,2025-10-06,6,2.0,4.814000064257247
90,93,2025-10-13,6,1.0,6.207380032038831
90,94,2025-10-20,6,7.0,7.431359948111279
90,95,2025-10-27,6,5.0,8.536226150533135
90,96,2025-11-03,6,6.0,9.566262810431098
91,92,2025-10-06,6,2.0,4.448246261647774
91,93,2025-10-13,6,1.0,5.706032490381544
91,94,2025-10-20,6,7.0,7.054199001045054
91,95,2025-10-27,6,5.0,8.251980594051687
91,96,2025-11-03,6,6.0,9.342534175073425
91,97,2025-11-10,6,7.0,10.367106068286686
92,93,2025-10-13,6,1.0,2.482853996814352
92,94,2025-10-20,6,7.0,3.921964592826818
92,95,2025-10-27,6,5.0,5.360555143300359
92,96,2025-11-03,6,6.0,6.610730157094036
92,97,2025-11-10,6,7.0,7.729905313167948
92,98,2025-11-17,6,8.0,8.765402537392866
93,94,2025-10-20,6,7.0,1.5001568613487166
93,95,2025-10-27,6,5.0,3.029926076079867
93,96,2025-11-03,6,6.0,4.513724334788465
93,97,2025-11-10,6,7.0,5.79009122089527
93,98,2025-11-17,6,8.0,6.923571662763545
93,99,2025-11-24,6,12.0,7.964525248785268
94,95,2025-10-27,6,5.0,7.396329643664938
94,96,2025-11-03,6,6.0,8.382111497021503
94,97,2025-11-10,6,7.0,9.594620390081799
94,98,2025-11-17,6,8.0,10.713787662458628
94,99,2025-11-24,6,12.0,11.761381373887705
94,100,2025-12-01,6,12.0,12.769533754623986
95,96,2025-11-03,6,6.0,5.430941391017113
95,97,2025-11-10,6,7.0,6.598061871210092
95,98,2025-11-17,6,8.0,7.901012050360176
95,99,2025-11-24,6,12.0,9.072592095019928
95,100,2025-12-01,6,12.0,10.14882938700308
95,101,2025-12-08,6,8.0,11.167932311346249
96,97,2025-11-10,6,7.0,6.413635851689245
96,98,2025-11-17,6,8.0,7.490088206753286
96,99,2025-11-24,6,12.0,8.747819180025376
96,100,2025-12-01,6,12.0,9.893194451120685
96,101,2025-12-08,6,8.0,10.955111786536413
96,102,2025-12-15,6,6.0,11.968741539996458
97,98,2025-11-17,6,8.0,7.396329643664938
97,99,2025-11-24,6,12.0,8.382111497021503
97,100,2025-12-01,6,12.0,9.594620390081799
97,101,2025-12-08,6,8.0,10.713787662458628
97,102,2025-12-15,6,6.0,11.761381373887705
97,103,2025-12-22,6,4.0,12.769533754623986
98,99,2025-11-24,6,12.0,8.379022766944972
98,100,2025-12-01,6,12.0,9.274131742025137
98,101,2025-12-08,6,8.0,10.441415680570604
98,102,2025-12-15,6,6.0,11.534371729138433
98,103,2025-12-22,6,4.0,12.567638149271241
98,104,2025-12-29,6,5.0,13.570308955615445
99,100,2025-12-01,6,12.0,12.309788573124063
99,101,2025-12-08,6,8.0,12.842182269601597
99,102,2025-12-15,6,6.0,13.828537647672913
99,103,2025-12-22,6,4.0,14.816616551369755
99,104,2025-12-29,6,5.0,15.792537135413257
99,105,2026-01-05,6,5.0,16.77323963095295
100,101,2025-12-08,6,8.0,12.309788573124063
100,102,2025-12-15,6,6.0,12.842182269601597
100,103,2025-12-22,6,4.0,13.828537647672913
100,104,2025-12-29,6,5.0,14.816616551369755
100,105,2026-01-05,6,5.0,15.792537135413257
100,106,2026-01-12,6,23.0,16.77323963095295
101,102,2025-12-15,6,6.0,8.379022766944972
101,103,2025-12-22,6,4.0,9.274131742025137
101,104,2025-12-29,6,5.0,10.441415680570604
101,105,2026-01-05,6,5.0,11.534371729138433
101,106,2026-01-12,6,23.0,12.567638149271241
101,107,2026-01-19,6,17.0,13.570308955615445
102,103,2025-12-22,6,4.0,6.413635851689245
102,104,2025-12-29,6,5.0,7.490088206753286
102,105,2026-01-05,6,5.0,8.747819180025376
102,106,2026-01-12,6,23.0,9.893194451120685
102,107,2026-01-19,6,17.0,10.955111786536413
102,108,2026-01-26,6,22.0,11.968741539996458
103,104,2025-12-29,6,5.0,4.448246261647774
103,105,2026-01-05,6,5.0,5.706032490381544
103,106,2026-01-12,6,23.0,7.054199001045054
103,107,2026-01-19,6,17.0,8.251980594051687
103,108,2026-01-26,6,22.0,9.342534175073425
103,109,2026-02-02,6,14.0,10.367106068286686
104,105,2026-01-05,6,5.0,5.430941391017113
104,106,2026-01-12,6,23.0,6.598061871210092
104,107,2026-01-19,6,17.0,7.901012050360176
104,108,2026-01-26,6,22.0,9.072592095019928
104,109,2026-02-02,6,14.0,10.14882938700308
104,110,2026-02-09,6,33.0,11.167932311346249
105,106,2026-01-12,6,23.0,5.445661703984641
105,107,2026-01-19,6,17.0,6.658298667674659
105,108,2026-01-26,6,22.0,8.001659859031202
105,109,2026-02-02,6,14.0,9.203870337094536
105,110,2026-02-09,6,33.0,10.303451311312449
105,111,2026-02-16,6,29.0,11.340895678552835
106,107,2026-01-19,6,17.0,23.187032582582972
106,108,2026-01-26,6,22.0,22.93106811314628
106,109,2026-02-02,6,14.0,23.605439912596722
106,110,2026-02-09,6,33.0,24.44564932806572
106,111,2026-02-16,6,29.0,25.370845900953245
106,112,2026-02-23,6,15.0,26.375045734086232
107,108,2026-01-26,6,22.0,17.273269880802452
107,109,2026-02-02,6,14.0,17.506937108274474
107,110,2026-02-09,6,33.0,18.404423372229466
107,111,2026-02-16,6,29.0,19.365431769101725
107,112,2026-02-23,6,15.0,20.348906099426515
107,113,2026-03-02,6,18.0,21.364358457382306
108,109,2026-02-02,6,14.0,22.201407381653322
108,110,2026-02-09,6,33.0,22.02705499249391
108,111,2026-02-16,6,29.0,22.73862072996827
108,112,2026-02-23,6,15.0,23.598972471820833
108,113,2026-03-02,6,18.0,24.533892392910566
108,114,2026-03-09,6,8.0,25.539979519806472
109,110,2026-02-09,6,33.0,14.316378183294672
109,111,2026-02-16,6,29.0,14.794824552508459
109,112,2026-02-23,6,15.0,15.803823800063844
109,113,2026-03-02,6,18.0,16.82518220560903
109,114,2026-03-09,6,8.0,17.837739311219423
109,115,2026-03-16,6,13.0,18.858753810047613
110,111,2026-02-16,6,29.0,33.04324243942325
110,112,2026-02-23,6,15.0,31.97100762664205
110,113,2026-03-02,6,18.0,32.2732597903958
110,114,2026-03-09,6,8.0,32.91184438304856
110,115,2026-03-16,6,13.0,33.7395789634567
110,116,2026-03-23,6,13.0,34.72464471544574
111,112,2026-02-23,6,15.0,29.10076769355932
111,113,2026-03-02,6,18.0,28.35507364481285
111,114,2026-03-09,6,8.0,28.80621299023797
111,115,2026-03-16,6,13.0,29.5254914863288
111,116,2026-03-23,6,13.0,30.392260716796297
111,117,2026-03-30,6,25.0,31.38503707213181
112,113,2026-03-02,6,18.0,15.302009515549313
112,114,2026-03-09,6,8.0,15.698865556563678
112,115,2026-03-16,6,13.0,16.67069708736551
112,116,2026-03-23,6,13.0,17.671942488897432
112,117,2026-03-30,6,25.0,18.674809492247277
112,118,2026-04-06,5,27.0,19.693974694421648
113,114,2026-03-09,6,8.0,18.258898913802895
113,115,2026-03-16,6,13.0,18.41096765595606
113,116,2026-03-23,6,13.0,19.271276369894277
113,117,2026-03-30,6,25.0,20.212160766276824
113,118,2026-04-06,5,27.0,21.18593252610571
113,119,2026-04-13,4,24.0,22.19952133691678
114,115,2026-03-16,6,13.0,8.40257409491215
114,116,2026-03-23,6,13.0,9.370505332559826
114,117,2026-03-30,6,25.0,10.602442044848729
114,118,2026-04-06,5,27.0,11.74440149310508
114,119,2026-04-13,4,24.0,12.815011924288852
114,120,2026-04-20,3,16.0,13.847022433430919
115,116,2026-03-23,6,13.0,13.330746084620003
115,117,2026-03-30,6,25.0,13.890780062969323
115,118,2026-04-06,5,27.0,14.936943749447352
115,119,2026-04-13,4,24.0,15.97841149335693
115,120,2026-04-20,3,16.0,17.00065454488078
115,121,2026-04-27,2,16.0,18.023513589779093
116,117,2026-03-30,6,25.0,13.330746084620003
116,118,2026-04-06,5,27.0,13.890780062969323
116,119,2026-04-13,4,24.0,14.936943749447352
116,120,2026-04-20,3,16.0,15.97841149335693
116,121,2026-04-27,2,16.0,17.00065454488078
116,122,2026-05-04,1,21.0,18.023513589779093
