theme,sub_theme,topic,geography_type,geography,metric,sex,age,stratum,year,date,metric_value,in_reporting_delay_period
infectious_disease,vaccine_preventable,Measles,Nation,England,measles_cases_casesByOnsetWeek,all,all,default,2026,2026-08-03,2.0000,True
infectious_disease,vaccine_preventable,Measles,UKHSA Region,London,measles_cases_casesByOnsetWeek,all,all,default,2026,2026-08-03,0.0000,True
infectious_disease,vaccine_preventable,Measles,Nation,England,measles_cases_casesByOnsetWeek,all,all,default,2026,2026-07-27,10.0000,True
infectious_disease,vaccine_preventable,Measles,UKHSA Region,London,measles_cases_casesByOnsetWeek,all,all,default,2026,2026-07-27,3.0000,True
infectious_disease,vaccine_preventable,Measles,Nation,England,measles_cases_casesByOnsetWeek,all,all,default,2026,2026-07-20,6.0000,True
infectious_disease,vaccine_preventable,Measles,UKHSA Region,London,measles_cases_casesByOnsetWeek,all,all,default,2026,2026-07-20,2.0000,True
infectious_disease,vaccine_preventable,Measles,Nation,England,measles_cases_casesByOnsetWeek,all,all,default,2026,2026-07-13,15.0000,False
infectious_disease,vaccine_preventable,Measles,UKHSA Region,London,measles_cases_casesByOnsetWeek,all,all,default,2026,2026-07-13,10.0000,False
infectious_disease,vaccine_preventable,Measles,Nation,England,measles_cases_casesByOnsetWeek,all,all,default,2026,2026-07-06,8.0000,False
infectious_disease,vaccine_preventable,Measles,UKHSA Region,London,measles_cases_casesByOnsetWeek,all,all,default,2026,2026-07-06,2.0000,False
infectious_disease,vaccine_preventable,Measles,Nation,England,measles_cases_casesByOnsetWeek,all,all,default,2026,2026-06-29,22.0000,False
infectious_disease,vaccine_preventable,Measles,UKHSA Region,London,measles_cases_casesByOnsetWeek,all,all,default,2026,2026-06-29,6.0000,False
infectious_disease,vaccine_preventable,Measles,Nation,England,measles_cases_casesByOnsetWeek,all,all,default,2026,2026-06-22,39.0000,False
infectious_disease,vaccine_preventable,Measles,UKHSA Region,London,measles_cases_casesByOnsetWeek,all,all,default,2026,2026-06-22,18.0000,False
infectious_disease,vaccine_preventable,Measles,Nation,England,measles_cases_casesByOnsetWeek,all,all,default,2026,2026-06-15,31.0000,False
infectious_disease,vaccine_preventable,Measles,UKHSA Region,London,measles_cases_casesByOnsetWeek,all,all,default,2026,2026-06-15,13.0000,False
infectious_disease,vaccine_preventable,Measles,Nation,England,measles_cases_casesByOnsetWeek,all,all,default,2026,2026-06-08,33.0000,False
infectious_disease,vaccine_preventable,Measles,UKHSA Region,London,measles_cases_casesByOnsetWeek,all,all,default,2026,2026-06-08,16.0000,False
infectious_disease,vaccine_preventable,Measles,Nation,England,measles_cases_casesByOnsetWeek,all,all,default,2026,2026-06-01,43.0000,False
infectious_disease,vaccine_preventable,Measles,UKHSA Region,London,measles_cases_casesByOnsetWeek,all,all,default,2026,2026-06-01,13.0000,False
infectious_disease,vaccine_preventable,Measles,Nation,England,measles_cases_casesByOnsetWeek,all,all,default,2026,2026-05-25,63.0000,False
infectious_disease,vaccine_preventable,Measles,UKHSA Region,London,measles_cases_casesByOnsetWeek,all,all,default,2026,2026-05-25,33.0000,False
infectious_disease,vaccine_preventable,Measles,Nation,England,measles_cases_casesByOnsetWeek,all,all,default,2026,2026-05-18,54.0000,False
infectious_disease,vaccine_preventable,Measles,UKHSA Region,London,measles_cases_casesByOnsetWeek,all,all,default,2026,2026-05-18,18.0000,False
infectious_disease,vaccine_preventable,Measles,Nation,England,measles_cases_casesByOnsetWeek,all,all,default,2026,2026-05-11,42.0000,False
infectious_disease,vaccine_preventable,Measles,UKHSA Region,London,measles_cases_casesByOnsetWeek,all,all,default,2026,2026-05-11,19.0000,False
infectious_disease,vaccine_preventable,Measles,Nation,England,measles_cases_casesByOnsetWeek,all,all,default,2026,2026-05-04,45.0000,False
infectious_disease,vaccine_preventable,Measles,UKHSA Region,London,measles_cases_casesByOnsetWeek,all,all,default,2026,2026-05-04,22.0000,False
infectious_disease,vaccine_preventable,Measles,Nation,England,measles_cases_casesByOnsetWeek,all,all,default,2026,2026-04-27,35.0000,False
infectious_disease,vaccine_preventable,Measles,UKHSA Region,London,measles_cases_casesByOnsetWeek,all,all,default,2026,2026-04-27,15.0000,False
infectious_disease,vaccine_preventable,Measles,Nation,England,measles_cases_casesByOnsetWeek,all,all,default,2026,2026-04-20,27.0000,False
infectious_disease,vaccine_preventable,Measles,UKHSA Region,London,measles_cases_casesByOnsetWeek,all,all,default,2026,2026-04-20,16.0000,False
infectious_disease,vaccine_preventable,Measles,Nation,England,measles_cases_casesByOnsetWeek,all,all,default,2026,2026-04-13,43.0000,False
infectious_disease,vaccine_preventable,Measles,UKHSA Region,London,measles_cases_casesByOnsetWeek,all,all,default,2026,2026-04-13,24.0000,False
infectious_disease,vaccine_preventable,Measles,Nation,England,measles_cases_casesByOnsetWeek,all,all,default,2026,2026-04-06,35.0000,False
infectious_disease,vaccine_preventable,Measles,UKHSA Region,London,measles_cases_casesByOnsetWeek,all,all,default,2026,2026-04-06,28.0000,False
infectious_disease,vaccine_preventable,Measles,Nation,England,measles_cases_casesByOnsetWeek,all,all,default,2026,2026-03-30,38.0000,False
infectious_disease,vaccine_preventable,Measles,UKHSA Region,London,measles_cases_casesByOnsetWeek,all,all,default,2026,2026-03-30,25.0000,False
infectious_disease,vaccine_preventable,Measles,Nation,England,measles_cases_casesByOnsetWeek,all,all,default,2026,2026-03-23,31.0000,False
infectious_disease,vaccine_preventable,Measles,UKHSA Region,London,measles_cases_casesByOnsetWeek,all,all,default,2026,2026-03-23,13.0000,False
infectious_disease,vaccine_preventable,Measles,Nation,England,measles_cases_casesByOnsetWeek,all,all,default,2026,2026-03-16,36.0000,False
infectious_disease,vaccine_preventable,Measles,UKHSA Region,London,measles_cases_casesByOnsetWeek,all,all,default,2026,2026-03-16,13.0000,False
infectious_disease,vaccine_preventable,Measles,Nation,England,measles_cases_casesByOnsetWeek,all,all,default,2026,2026-03-09,29.0000,False
infectious_disease,vaccine_preventable,Measles,UKHSA Region,London,measles_cases_casesByOnsetWeek,all,all,default,2026,2026-03-09,9.0000,False
infectious_disease,vaccine_preventable,Measles,Nation,England,measles_cases_casesByOnsetWeek,all,all,default,2026,2026-03-02,30.0000,False
infectious_disease,vaccine_preventable,Measles,UKHSA Region,London,measles_cases_casesByOnsetWeek,all,all,default,2026,2026-03-02,19.0000,False
infectious_disease,vaccine_preventable,Measles,Nation,England,measles_cases_casesByOnsetWeek,all,all,default,2026,2026-02-23,39.0000,False
infectious_disease,vaccine_preventable,Measles,UKHSA Region,London,measles_cases_casesByOnsetWeek,all,all,default,2026,2026-02-23,14.0000,False
infectious_disease,vaccine_preventable,Measles,Nation,England,measles_cases_casesByOnsetWeek,all,all,default,2026,2026-02-16,41.0000,False
infectious_disease,vaccine_preventable,Measles,UKHSA Region,London,measles_cases_casesByOnsetWeek,all,all,default,2026,2026-02-16,27.0000,False
infectious_disease,vaccine_preventable,Measles,Nation,England,measles_cases_casesByOnsetWeek,all,all,default,2026,2026-02-09,42.0000,False
infectious_disease,vaccine_preventable,Measles,UKHSA Region,London,measles_cases_casesByOnsetWeek,all,all,default,2026,2026-02-09,34.0000,False
infectious_disease,vaccine_preventable,Measles,Nation,England,measles_cases_casesByOnsetWeek,all,all,default,2026,2026-02-02,22.0000,False
infectious_disease,vaccine_preventable,Measles,UKHSA Region,London,measles_cases_casesByOnsetWeek,all,all,default,2026,2026-02-02,15.0000,False
infectious_disease,vaccine_preventable,Measles,Nation,England,measles_cases_casesByOnsetWeek,all,all,default,2026,2026-01-26,32.0000,False
infectious_disease,vaccine_preventable,Measles,UKHSA Region,London,measles_cases_casesByOnsetWeek,all,all,default,2026,2026-01-26,22.0000,False
infectious_disease,vaccine_preventable,Measles,Nation,England,measles_cases_casesByOnsetWeek,all,all,default,2026,2026-01-19,25.0000,False
infectious_disease,vaccine_preventable,Measles,UKHSA Region,London,measles_cases_casesByOnsetWeek,all,all,default,2026,2026-01-19,15.0000,False
infectious_disease,vaccine_preventable,Measles,Nation,England,measles_cases_casesByOnsetWeek,all,all,default,2026,2026-01-12,33.0000,False
infectious_disease,vaccine_preventable,Measles,UKHSA Region,London,measles_cases_casesByOnsetWeek,all,all,default,2026,2026-01-12,25.0000,False
infectious_disease,vaccine_preventable,Measles,Nation,England,measles_cases_casesByOnsetWeek,all,all,default,2026,2026-01-05,10.0000,False
infectious_disease,vaccine_preventable,Measles,UKHSA Region,London,measles_cases_casesByOnsetWeek,all,all,default,2026,2026-01-05,5.0000,False
infectious_disease,vaccine_preventable,Measles,Nation,England,measles_cases_casesByOnsetWeek,all,all,default,2025,2025-12-29,12.0000,False
infectious_disease,vaccine_preventable,Measles,UKHSA Region,London,measles_cases_casesByOnsetWeek,all,all,default,2025,2025-12-29,5.0000,False
infectious_disease,vaccine_preventable,Measles,Nation,England,measles_cases_casesByOnsetWeek,all,all,default,2025,2025-12-22,11.0000,False
infectious_disease,vaccine_preventable,Measles,UKHSA Region,London,measles_cases_casesByOnsetWeek,all,all,default,2025,2025-12-22,4.0000,False
infectious_disease,vaccine_preventable,Measles,Nation,England,measles_cases_casesByOnsetWeek,all,all,default,2025,2025-12-15,11.0000,False
infectious_disease,vaccine_preventable,Measles,UKHSA Region,London,measles_cases_casesByOnsetWeek,all,all,default,2025,2025-12-15,6.0000,False
infectious_disease,vaccine_preventable,Measles,Nation,England,measles_cases_casesByOnsetWeek,all,all,default,2025,2025-12-08,13.0000,False
infectious_disease,vaccine_preventable,Measles,UKHSA Region,London,measles_cases_casesByOnsetWeek,all,all,default,2025,2025-12-08,8.0000,False
infectious_disease,vaccine_preventable,Measles,Nation,England,measles_cases_casesByOnsetWeek,all,all,default,2025,2025-12-01,20.0000,False
infectious_disease,vaccine_preventable,Measles,UKHSA Region,London,measles_cases_casesByOnsetWeek,all,all,default,2025,2025-12-01,12.0000,False
infectious_disease,vaccine_preventable,Measles,Nation,England,measles_cases_casesByOnsetWeek,all,all,default,2025,2025-11-24,14.0000,False
infectious_disease,vaccine_preventable,Measles,UKHSA Region,London,measles_cases_casesByOnsetWeek,all,all,default,2025,2025-11-24,12.0000,False
infectious_disease,vaccine_preventable,Measles,Nation,England,measles_cases_casesByOnsetWeek,all,all,default,2025,2025-11-17,20.0000,False
infectious_disease,vaccine_preventable,Measles,UKHSA Region,London,measles_cases_casesByOnsetWeek,all,all,default,2025,2025-11-17,8.0000,False
infectious_disease,vaccine_preventable,Measles,Nation,England,measles_cases_casesByOnsetWeek,all,all,default,2025,2025-11-10,16.0000,False
infectious_disease,vaccine_preventable,Measles,UKHSA Region,London,measles_cases_casesByOnsetWeek,all,all,default,2025,2025-11-10,7.0000,False
infectious_disease,vaccine_preventable,Measles,Nation,England,measles_cases_casesByOnsetWeek,all,all,default,2025,2025-11-03,13.0000,False
infectious_disease,vaccine_preventable,Measles,UKHSA Region,London,measles_cases_casesByOnsetWeek,all,all,default,2025,2025-11-03,6.0000,False
infectious_disease,vaccine_preventable,Measles,Nation,England,measles_cases_casesByOnsetWeek,all,all,default,2025,2025-10-27,8.0000,False
infectious_disease,vaccine_preventable,Measles,UKHSA Region,London,measles_cases_casesByOnsetWeek,all,all,default,2025,2025-10-27,5.0000,False
infectious_disease,vaccine_preventable,Measles,Nation,England,measles_cases_casesByOnsetWeek,all,all,default,2025,2025-10-20,12.0000,False
infectious_disease,vaccine_preventable,Measles,UKHSA Region,London,measles_cases_casesByOnsetWeek,all,all,default,2025,2025-10-20,7.0000,False
infectious_disease,vaccine_preventable,Measles,Nation,England,measles_cases_casesByOnsetWeek,all,all,default,2025,2025-10-13,7.0000,False
infectious_disease,vaccine_preventable,Measles,UKHSA Region,London,measles_cases_casesByOnsetWeek,all,all,default,2025,2025-10-13,1.0000,False
infectious_disease,vaccine_preventable,Measles,Nation,England,measles_cases_casesByOnsetWeek,all,all,default,2025,2025-10-06,15.0000,False
infectious_disease,vaccine_preventable,Measles,UKHSA Region,London,measles_cases_casesByOnsetWeek,all,all,default,2025,2025-10-06,2.0000,False
infectious_disease,vaccine_preventable,Measles,Nation,England,measles_cases_casesByOnsetWeek,all,all,default,2025,2025-09-29,9.0000,False
infectious_disease,vaccine_preventable,Measles,UKHSA Region,London,measles_cases_casesByOnsetWeek,all,all,default,2025,2025-09-29,4.0000,False
infectious_disease,vaccine_preventable,Measles,Nation,England,measles_cases_casesByOnsetWeek,all,all,default,2025,2025-09-22,6.0000,False
infectious_disease,vaccine_preventable,Measles,UKHSA Region,London,measles_cases_casesByOnsetWeek,all,all,default,2025,2025-09-22,3.0000,False
infectious_disease,vaccine_preventable,Measles,Nation,England,measles_cases_casesByOnsetWeek,all,all,default,2025,2025-09-15,9.0000,False
infectious_disease,vaccine_preventable,Measles,UKHSA Region,London,measles_cases_casesByOnsetWeek,all,all,default,2025,2025-09-15,6.0000,False
infectious_disease,vaccine_preventable,Measles,Nation,England,measles_cases_casesByOnsetWeek,all,all,default,2025,2025-09-08,7.0000,False
infectious_disease,vaccine_preventable,Measles,UKHSA Region,London,measles_cases_casesByOnsetWeek,all,all,default,2025,2025-09-08,4.0000,False
infectious_disease,vaccine_preventable,Measles,Nation,England,measles_cases_casesByOnsetWeek,all,all,default,2025,2025-09-01,6.0000,False
infectious_disease,vaccine_preventable,Measles,UKHSA Region,London,measles_cases_casesByOnsetWeek,all,all,default,2025,2025-09-01,5.0000,False
infectious_disease,vaccine_preventable,Measles,Nation,England,measles_cases_casesByOnsetWeek,all,all,default,2025,2025-08-25,7.0000,False
infectious_disease,vaccine_preventable,Measles,UKHSA Region,London,measles_cases_casesByOnsetWeek,all,all,default,2025,2025-08-25,5.0000,False
infectious_disease,vaccine_preventable,Measles,Nation,England,measles_cases_casesByOnsetWeek,all,all,default,2025,2025-08-18,4.0000,False
infectious_disease,vaccine_preventable,Measles,UKHSA Region,London,measles_cases_casesByOnsetWeek,all,all,default,2025,2025-08-18,3.0000,False
infectious_disease,vaccine_preventable,Measles,Nation,England,measles_cases_casesByOnsetWeek,all,all,default,2025,2025-08-11,15.0000,False
infectious_disease,vaccine_preventable,Measles,UKHSA Region,London,measles_cases_casesByOnsetWeek,all,all,default,2025,2025-08-11,8.0000,False
infectious_disease,vaccine_preventable,Measles,Nation,England,measles_cases_casesByOnsetWeek,all,all,default,2025,2025-08-04,17.0000,False
infectious_disease,vaccine_preventable,Measles,UKHSA Region,London,measles_cases_casesByOnsetWeek,all,all,default,2025,2025-08-04,14.0000,False
infectious_disease,vaccine_preventable,Measles,Nation,England,measles_cases_casesByOnsetWeek,all,all,default,2025,2025-07-28,18.0000,False
infectious_disease,vaccine_preventable,Measles,UKHSA Region,London,measles_cases_casesByOnsetWeek,all,all,default,2025,2025-07-28,15.0000,False
infectious_disease,vaccine_preventable,Measles,Nation,England,measles_cases_casesByOnsetWeek,all,all,default,2025,2025-07-21,15.0000,False
infectious_disease,vaccine_preventable,Measles,UKHSA Region,London,measles_cases_casesByOnsetWeek,all,all,default,2025,2025-07-21,11.0000,False
infectious_disease,vaccine_preventable,Measles,Nation,England,measles_cases_casesByOnsetWeek,all,all,default,2025,2025-07-14,39.0000,False
infectious_disease,vaccine_preventable,Measles,UKHSA Region,London,measles_cases_casesByOnsetWeek,all,all,default,2025,2025-07-14,30.0000,False
infectious_disease,vaccine_preventable,Measles,Nation,England,measles_cases_casesByOnsetWeek,all,all,default,2025,2025-07-07,28.0000,False
infectious_disease,vaccine_preventable,Measles,UKHSA Region,London,measles_cases_casesByOnsetWeek,all,all,default,2025,2025-07-07,20.0000,False
infectious_disease,vaccine_preventable,Measles,Nation,England,measles_cases_casesByOnsetWeek,all,all,default,2025,2025-06-30,35.0000,False
infectious_disease,vaccine_preventable,Measles,UKHSA Region,London,measles_cases_casesByOnsetWeek,all,all,default,2025,2025-06-30,22.0000,False
infectious_disease,vaccine_preventable,Measles,Nation,England,measles_cases_casesByOnsetWeek,all,all,default,2025,2025-06-23,31.0000,False
infectious_disease,vaccine_preventable,Measles,UKHSA Region,London,measles_cases_casesByOnsetWeek,all,all,default,2025,2025-06-23,17.0000,False
infectious_disease,vaccine_preventable,Measles,Nation,England,measles_cases_casesByOnsetWeek,all,all,default,2025,2025-06-16,24.0000,False
infectious_disease,vaccine_preventable,Measles,UKHSA Region,London,measles_cases_casesByOnsetWeek,all,all,default,2025,2025-06-16,19.0000,False
infectious_disease,vaccine_preventable,Measles,Nation,England,measles_cases_casesByOnsetWeek,all,all,default,2025,2025-06-09,29.0000,False
infectious_disease,vaccine_preventable,Measles,UKHSA Region,London,measles_cases_casesByOnsetWeek,all,all,default,2025,2025-06-09,16.0000,False
infectious_disease,vaccine_preventable,Measles,Nation,England,measles_cases_casesByOnsetWeek,all,all,default,2025,2025-06-02,32.0000,False
infectious_disease,vaccine_preventable,Measles,UKHSA Region,London,measles_cases_casesByOnsetWeek,all,all,default,2025,2025-06-02,21.0000,False
infectious_disease,vaccine_preventable,Measles,Nation,England,measles_cases_casesByOnsetWeek,all,all,default,2025,2025-05-26,33.0000,False
infectious_disease,vaccine_preventable,Measles,UKHSA Region,London,measles_cases_casesByOnsetWeek,all,all,default,2025,2025-05-26,18.0000,False
infectious_disease,vaccine_preventable,Measles,Nation,England,measles_cases_casesByOnsetWeek,all,all,default,2025,2025-05-19,32.0000,False
infectious_disease,vaccine_preventable,Measles,UKHSA Region,London,measles_cases_casesByOnsetWeek,all,all,default,2025,2025-05-19,19.0000,False
infectious_disease,vaccine_preventable,Measles,Nation,England,measles_cases_casesByOnsetWeek,all,all,default,2025,2025-05-12,25.0000,False
infectious_disease,vaccine_preventable,Measles,UKHSA Region,London,measles_cases_casesByOnsetWeek,all,all,default,2025,2025-05-12,11.0000,False
infectious_disease,vaccine_preventable,Measles,Nation,England,measles_cases_casesByOnsetWeek,all,all,default,2025,2025-05-05,26.0000,False
infectious_disease,vaccine_preventable,Measles,UKHSA Region,London,measles_cases_casesByOnsetWeek,all,all,default,2025,2025-05-05,12.0000,False
infectious_disease,vaccine_preventable,Measles,Nation,England,measles_cases_casesByOnsetWeek,all,all,default,2025,2025-04-28,26.0000,False
infectious_disease,vaccine_preventable,Measles,UKHSA Region,London,measles_cases_casesByOnsetWeek,all,all,default,2025,2025-04-28,14.0000,False
infectious_disease,vaccine_preventable,Measles,Nation,England,measles_cases_casesByOnsetWeek,all,all,default,2025,2025-04-21,19.0000,False
infectious_disease,vaccine_preventable,Measles,UKHSA Region,London,measles_cases_casesByOnsetWeek,all,all,default,2025,2025-04-21,13.0000,False
infectious_disease,vaccine_preventable,Measles,Nation,England,measles_cases_casesByOnsetWeek,all,all,default,2025,2025-04-14,33.0000,False
infectious_disease,vaccine_preventable,Measles,UKHSA Region,London,measles_cases_casesByOnsetWeek,all,all,default,2025,2025-04-14,19.0000,False
infectious_disease,vaccine_preventable,Measles,Nation,England,measles_cases_casesByOnsetWeek,all,all,default,2025,2025-04-07,26.0000,False
infectious_disease,vaccine_preventable,Measles,UKHSA Region,London,measles_cases_casesByOnsetWeek,all,all,default,2025,2025-04-07,12.0000,False
infectious_disease,vaccine_preventable,Measles,Nation,England,measles_cases_casesByOnsetWeek,all,all,default,2025,2025-03-31,24.0000,False
infectious_disease,vaccine_preventable,Measles,UKHSA Region,London,measles_cases_casesByOnsetWeek,all,all,default,2025,2025-03-31,10.0000,False
infectious_disease,vaccine_preventable,Measles,Nation,England,measles_cases_casesByOnsetWeek,all,all,default,2025,2025-03-24,14.0000,False
infectious_disease,vaccine_preventable,Measles,UKHSA Region,London,measles_cases_casesByOnsetWeek,all,all,default,2025,2025-03-24,6.0000,False
infectious_disease,vaccine_preventable,Measles,Nation,England,measles_cases_casesByOnsetWeek,all,all,default,2025,2025-03-17,16.0000,False
infectious_disease,vaccine_preventable,Measles,UKHSA Region,London,measles_cases_casesByOnsetWeek,all,all,default,2025,2025-03-17,10.0000,False
infectious_disease,vaccine_preventable,Measles,Nation,England,measles_cases_casesByOnsetWeek,all,all,default,2025,2025-03-10,13.0000,False
infectious_disease,vaccine_preventable,Measles,UKHSA Region,London,measles_cases_casesByOnsetWeek,all,all,default,2025,2025-03-10,8.0000,False
infectious_disease,vaccine_preventable,Measles,Nation,England,measles_cases_casesByOnsetWeek,all,all,default,2025,2025-03-03,16.0000,False
infectious_disease,vaccine_preventable,Measles,UKHSA Region,London,measles_cases_casesByOnsetWeek,all,all,default,2025,2025-03-03,6.0000,False
infectious_disease,vaccine_preventable,Measles,Nation,England,measles_cases_casesByOnsetWeek,all,all,default,2025,2025-02-24,19.0000,False
infectious_disease,vaccine_preventable,Measles,UKHSA Region,London,measles_cases_casesByOnsetWeek,all,all,default,2025,2025-02-24,4.0000,False
infectious_disease,vaccine_preventable,Measles,Nation,England,measles_cases_casesByOnsetWeek,all,all,default,2025,2025-02-17,16.0000,False
infectious_disease,vaccine_preventable,Measles,UKHSA Region,London,measles_cases_casesByOnsetWeek,all,all,default,2025,2025-02-17,5.0000,False
infectious_disease,vaccine_preventable,Measles,Nation,England,measles_cases_casesByOnsetWeek,all,all,default,2025,2025-02-10,17.0000,False
infectious_disease,vaccine_preventable,Measles,UKHSA Region,London,measles_cases_casesByOnsetWeek,all,all,default,2025,2025-02-10,3.0000,False
infectious_disease,vaccine_preventable,Measles,Nation,England,measles_cases_casesByOnsetWeek,all,all,default,2025,2025-02-03,17.0000,False
infectious_disease,vaccine_preventable,Measles,UKHSA Region,London,measles_cases_casesByOnsetWeek,all,all,default,2025,2025-02-03,5.0000,False
infectious_disease,vaccine_preventable,Measles,Nation,England,measles_cases_casesByOnsetWeek,all,all,default,2025,2025-01-27,14.0000,False
infectious_disease,vaccine_preventable,Measles,UKHSA Region,London,measles_cases_casesByOnsetWeek,all,all,default,2025,2025-01-27,2.0000,False
infectious_disease,vaccine_preventable,Measles,Nation,England,measles_cases_casesByOnsetWeek,all,all,default,2025,2025-01-20,24.0000,False
infectious_disease,vaccine_preventable,Measles,UKHSA Region,London,measles_cases_casesByOnsetWeek,all,all,default,2025,2025-01-20,4.0000,False
infectious_disease,vaccine_preventable,Measles,Nation,England,measles_cases_casesByOnsetWeek,all,all,default,2025,2025-01-13,22.0000,False
infectious_disease,vaccine_preventable,Measles,UKHSA Region,London,measles_cases_casesByOnsetWeek,all,all,default,2025,2025-01-13,5.0000,False
infectious_disease,vaccine_preventable,Measles,Nation,England,measles_cases_casesByOnsetWeek,all,all,default,2025,2025-01-06,19.0000,False
infectious_disease,vaccine_preventable,Measles,UKHSA Region,London,measles_cases_casesByOnsetWeek,all,all,default,2025,2025-01-06,2.0000,False
infectious_disease,vaccine_preventable,Measles,Nation,England,measles_cases_casesByOnsetWeek,all,all,default,2024,2024-12-30,22.0000,False
infectious_disease,vaccine_preventable,Measles,UKHSA Region,London,measles_cases_casesByOnsetWeek,all,all,default,2024,2024-12-30,4.0000,False
infectious_disease,vaccine_preventable,Measles,Nation,England,measles_cases_casesByOnsetWeek,all,all,default,2024,2024-12-23,16.0000,False
infectious_disease,vaccine_preventable,Measles,UKHSA Region,London,measles_cases_casesByOnsetWeek,all,all,default,2024,2024-12-23,4.0000,False
infectious_disease,vaccine_preventable,Measles,Nation,England,measles_cases_casesByOnsetWeek,all,all,default,2024,2024-12-16,22.0000,False
infectious_disease,vaccine_preventable,Measles,UKHSA Region,London,measles_cases_casesByOnsetWeek,all,all,default,2024,2024-12-16,2.0000,False
infectious_disease,vaccine_preventable,Measles,Nation,England,measles_cases_casesByOnsetWeek,all,all,default,2024,2024-12-09,26.0000,False
infectious_disease,vaccine_preventable,Measles,UKHSA Region,London,measles_cases_casesByOnsetWeek,all,all,default,2024,2024-12-09,4.0000,False
infectious_disease,vaccine_preventable,Measles,Nation,England,measles_cases_casesByOnsetWeek,all,all,default,2024,2024-12-02,33.0000,False
infectious_disease,vaccine_preventable,Measles,UKHSA Region,London,measles_cases_casesByOnsetWeek,all,all,default,2024,2024-12-02,3.0000,False
infectious_disease,vaccine_preventable,Measles,Nation,England,measles_cases_casesByOnsetWeek,all,all,default,2024,2024-11-25,29.0000,False
infectious_disease,vaccine_preventable,Measles,UKHSA Region,London,measles_cases_casesByOnsetWeek,all,all,default,2024,2024-11-25,5.0000,False
infectious_disease,vaccine_preventable,Measles,Nation,England,measles_cases_casesByOnsetWeek,all,all,default,2024,2024-11-18,29.0000,False
infectious_disease,vaccine_preventable,Measles,UKHSA Region,London,measles_cases_casesByOnsetWeek,all,all,default,2024,2024-11-18,4.0000,False
infectious_disease,vaccine_preventable,Measles,Nation,England,measles_cases_casesByOnsetWeek,all,all,default,2024,2024-11-11,28.0000,False
infectious_disease,vaccine_preventable,Measles,UKHSA Region,London,measles_cases_casesByOnsetWeek,all,all,default,2024,2024-11-11,1.0000,False
infectious_disease,vaccine_preventable,Measles,Nation,England,measles_cases_casesByOnsetWeek,all,all,default,2024,2024-11-04,34.0000,False
infectious_disease,vaccine_preventable,Measles,UKHSA Region,London,measles_cases_casesByOnsetWeek,all,all,default,2024,2024-11-04,5.0000,False
infectious_disease,vaccine_preventable,Measles,Nation,England,measles_cases_casesByOnsetWeek,all,all,default,2024,2024-10-28,18.0000,False
infectious_disease,vaccine_preventable,Measles,UKHSA Region,London,measles_cases_casesByOnsetWeek,all,all,default,2024,2024-10-28,6.0000,False
infectious_disease,vaccine_preventable,Measles,Nation,England,measles_cases_casesByOnsetWeek,all,all,default,2024,2024-10-21,27.0000,False
infectious_disease,vaccine_preventable,Measles,UKHSA Region,London,measles_cases_casesByOnsetWeek,all,all,default,2024,2024-10-21,5.0000,False
infectious_disease,vaccine_preventable,Measles,Nation,England,measles_cases_casesByOnsetWeek,all,all,default,2024,2024-10-14,12.0000,False
infectious_disease,vaccine_preventable,Measles,UKHSA Region,London,measles_cases_casesByOnsetWeek,all,all,default,2024,2024-10-14,5.0000,False
infectious_disease,vaccine_preventable,Measles,Nation,England,measles_cases_casesByOnsetWeek,all,all,default,2024,2024-10-07,14.0000,False
infectious_disease,vaccine_preventable,Measles,UKHSA Region,London,measles_cases_casesByOnsetWeek,all,all,default,2024,2024-10-07,6.0000,False
infectious_disease,vaccine_preventable,Measles,Nation,England,measles_cases_casesByOnsetWeek,all,all,default,2024,2024-09-30,17.0000,False
infectious_disease,vaccine_preventable,Measles,UKHSA Region,London,measles_cases_casesByOnsetWeek,all,all,default,2024,2024-09-30,7.0000,False
infectious_disease,vaccine_preventable,Measles,Nation,England,measles_cases_casesByOnsetWeek,all,all,default,2024,2024-09-23,14.0000,False
infectious_disease,vaccine_preventable,Measles,UKHSA Region,London,measles_cases_casesByOnsetWeek,all,all,default,2024,2024-09-23,6.0000,False
infectious_disease,vaccine_preventable,Measles,Nation,England,measles_cases_casesByOnsetWeek,all,all,default,2024,2024-09-16,23.0000,False
infectious_disease,vaccine_preventable,Measles,UKHSA Region,London,measles_cases_casesByOnsetWeek,all,all,default,2024,2024-09-16,11.0000,False
infectious_disease,vaccine_preventable,Measles,Nation,England,measles_cases_casesByOnsetWeek,all,all,default,2024,2024-09-09,23.0000,False
infectious_disease,vaccine_preventable,Measles,UKHSA Region,London,measles_cases_casesByOnsetWeek,all,all,default,2024,2024-09-09,15.0000,False
infectious_disease,vaccine_preventable,Measles,Nation,England,measles_cases_casesByOnsetWeek,all,all,default,2024,2024-09-02,28.0000,False
infectious_disease,vaccine_preventable,Measles,UKHSA Region,London,measles_cases_casesByOnsetWeek,all,all,default,2024,2024-09-02,16.0000,False
infectious_disease,vaccine_preventable,Measles,Nation,England,measles_cases_casesByOnsetWeek,all,all,default,2024,2024-08-26,23.0000,False
infectious_disease,vaccine_preventable,Measles,UKHSA Region,London,measles_cases_casesByOnsetWeek,all,all,default,2024,2024-08-26,17.0000,False
infectious_disease,vaccine_preventable,Measles,Nation,England,measles_cases_casesByOnsetWeek,all,all,default,2024,2024-08-19,32.0000,False
infectious_disease,vaccine_preventable,Measles,UKHSA Region,London,measles_cases_casesByOnsetWeek,all,all,default,2024,2024-08-19,21.0000,False
infectious_disease,vaccine_preventable,Measles,Nation,England,measles_cases_casesByOnsetWeek,all,all,default,2024,2024-08-12,40.0000,False
infectious_disease,vaccine_preventable,Measles,UKHSA Region,London,measles_cases_casesByOnsetWeek,all,all,default,2024,2024-08-12,29.0000,False
infectious_disease,vaccine_preventable,Measles,Nation,England,measles_cases_casesByOnsetWeek,all,all,default,2024,2024-08-05,52.0000,False
infectious_disease,vaccine_preventable,Measles,UKHSA Region,London,measles_cases_casesByOnsetWeek,all,all,default,2024,2024-08-05,38.0000,False
infectious_disease,vaccine_preventable,Measles,Nation,England,measles_cases_casesByOnsetWeek,all,all,default,2024,2024-07-29,67.0000,False
infectious_disease,vaccine_preventable,Measles,UKHSA Region,London,measles_cases_casesByOnsetWeek,all,all,default,2024,2024-07-29,48.0000,False
infectious_disease,vaccine_preventable,Measles,Nation,England,measles_cases_casesByOnsetWeek,all,all,default,2024,2024-07-22,60.0000,False
infectious_disease,vaccine_preventable,Measles,UKHSA Region,London,measles_cases_casesByOnsetWeek,all,all,default,2024,2024-07-22,40.0000,False
infectious_disease,vaccine_preventable,Measles,Nation,England,measles_cases_casesByOnsetWeek,all,all,default,2024,2024-07-15,84.0000,False
infectious_disease,vaccine_preventable,Measles,UKHSA Region,London,measles_cases_casesByOnsetWeek,all,all,default,2024,2024-07-15,65.0000,False
infectious_disease,vaccine_preventable,Measles,Nation,England,measles_cases_casesByOnsetWeek,all,all,default,2024,2024-07-08,87.0000,False
infectious_disease,vaccine_preventable,Measles,UKHSA Region,London,measles_cases_casesByOnsetWeek,all,all,default,2024,2024-07-08,65.0000,False
infectious_disease,vaccine_preventable,Measles,Nation,England,measles_cases_casesByOnsetWeek,all,all,default,2024,2024-07-01,77.0000,False
infectious_disease,vaccine_preventable,Measles,UKHSA Region,London,measles_cases_casesByOnsetWeek,all,all,default,2024,2024-07-01,47.0000,False
infectious_disease,vaccine_preventable,Measles,Nation,England,measles_cases_casesByOnsetWeek,all,all,default,2024,2024-06-24,73.0000,False
infectious_disease,vaccine_preventable,Measles,UKHSA Region,London,measles_cases_casesByOnsetWeek,all,all,default,2024,2024-06-24,53.0000,False
infectious_disease,vaccine_preventable,Measles,Nation,England,measles_cases_casesByOnsetWeek,all,all,default,2024,2024-06-17,80.0000,False
infectious_disease,vaccine_preventable,Measles,UKHSA Region,London,measles_cases_casesByOnsetWeek,all,all,default,2024,2024-06-17,49.0000,False
infectious_disease,vaccine_preventable,Measles,Nation,England,measles_cases_casesByOnsetWeek,all,all,default,2024,2024-06-10,58.0000,False
infectious_disease,vaccine_preventable,Measles,UKHSA Region,London,measles_cases_casesByOnsetWeek,all,all,default,2024,2024-06-10,32.0000,False
infectious_disease,vaccine_preventable,Measles,Nation,England,measles_cases_casesByOnsetWeek,all,all,default,2024,2024-06-03,77.0000,False
infectious_disease,vaccine_preventable,Measles,UKHSA Region,London,measles_cases_casesByOnsetWeek,all,all,default,2024,2024-06-03,38.0000,False
infectious_disease,vaccine_preventable,Measles,Nation,England,measles_cases_casesByOnsetWeek,all,all,default,2024,2024-05-27,71.0000,False
infectious_disease,vaccine_preventable,Measles,UKHSA Region,London,measles_cases_casesByOnsetWeek,all,all,default,2024,2024-05-27,42.0000,False
infectious_disease,vaccine_preventable,Measles,Nation,England,measles_cases_casesByOnsetWeek,all,all,default,2024,2024-05-20,97.0000,False
infectious_disease,vaccine_preventable,Measles,UKHSA Region,London,measles_cases_casesByOnsetWeek,all,all,default,2024,2024-05-20,57.0000,False
infectious_disease,vaccine_preventable,Measles,Nation,England,measles_cases_casesByOnsetWeek,all,all,default,2024,2024-05-13,104.0000,False
infectious_disease,vaccine_preventable,Measles,UKHSA Region,London,measles_cases_casesByOnsetWeek,all,all,default,2024,2024-05-13,58.0000,False
infectious_disease,vaccine_preventable,Measles,Nation,England,measles_cases_casesByOnsetWeek,all,all,default,2024,2024-05-06,87.0000,False
infectious_disease,vaccine_preventable,Measles,UKHSA Region,London,measles_cases_casesByOnsetWeek,all,all,default,2024,2024-05-06,44.0000,False
infectious_disease,vaccine_preventable,Measles,Nation,England,measles_cases_casesByOnsetWeek,all,all,default,2024,2024-04-29,81.0000,False
infectious_disease,vaccine_preventable,Measles,UKHSA Region,London,measles_cases_casesByOnsetWeek,all,all,default,2024,2024-04-29,34.0000,False
infectious_disease,vaccine_preventable,Measles,Nation,England,measles_cases_casesByOnsetWeek,all,all,default,2024,2024-04-22,82.0000,False
infectious_disease,vaccine_preventable,Measles,UKHSA Region,London,measles_cases_casesByOnsetWeek,all,all,default,2024,2024-04-22,40.0000,False
infectious_disease,vaccine_preventable,Measles,Nation,England,measles_cases_casesByOnsetWeek,all,all,default,2024,2024-04-15,84.0000,False
infectious_disease,vaccine_preventable,Measles,UKHSA Region,London,measles_cases_casesByOnsetWeek,all,all,default,2024,2024-04-15,42.0000,False
infectious_disease,vaccine_preventable,Measles,Nation,England,measles_cases_casesByOnsetWeek,all,all,default,2024,2024-04-08,106.0000,False
infectious_disease,vaccine_preventable,Measles,UKHSA Region,London,measles_cases_casesByOnsetWeek,all,all,default,2024,2024-04-08,58.0000,False
infectious_disease,vaccine_preventable,Measles,Nation,England,measles_cases_casesByOnsetWeek,all,all,default,2024,2024-04-01,90.0000,False
infectious_disease,vaccine_preventable,Measles,UKHSA Region,London,measles_cases_casesByOnsetWeek,all,all,default,2024,2024-04-01,39.0000,False
infectious_disease,vaccine_preventable,Measles,Nation,England,measles_cases_casesByOnsetWeek,all,all,default,2024,2024-03-25,72.0000,False
infectious_disease,vaccine_preventable,Measles,UKHSA Region,London,measles_cases_casesByOnsetWeek,all,all,default,2024,2024-03-25,29.0000,False
infectious_disease,vaccine_preventable,Measles,Nation,England,measles_cases_casesByOnsetWeek,all,all,default,2024,2024-03-18,77.0000,False
infectious_disease,vaccine_preventable,Measles,UKHSA Region,London,measles_cases_casesByOnsetWeek,all,all,default,2024,2024-03-18,36.0000,False
infectious_disease,vaccine_preventable,Measles,Nation,England,measles_cases_casesByOnsetWeek,all,all,default,2024,2024-03-11,88.0000,False
infectious_disease,vaccine_preventable,Measles,UKHSA Region,London,measles_cases_casesByOnsetWeek,all,all,default,2024,2024-03-11,33.0000,False
infectious_disease,vaccine_preventable,Measles,Nation,England,measles_cases_casesByOnsetWeek,all,all,default,2024,2024-03-04,58.0000,False
infectious_disease,vaccine_preventable,Measles,UKHSA Region,London,measles_cases_casesByOnsetWeek,all,all,default,2024,2024-03-04,27.0000,False
infectious_disease,vaccine_preventable,Measles,Nation,England,measles_cases_casesByOnsetWeek,all,all,default,2024,2024-02-26,78.0000,False
infectious_disease,vaccine_preventable,Measles,UKHSA Region,London,measles_cases_casesByOnsetWeek,all,all,default,2024,2024-02-26,28.0000,False
infectious_disease,vaccine_preventable,Measles,Nation,England,measles_cases_casesByOnsetWeek,all,all,default,2024,2024-02-19,58.0000,False
infectious_disease,vaccine_preventable,Measles,UKHSA Region,London,measles_cases_casesByOnsetWeek,all,all,default,2024,2024-02-19,14.0000,False
infectious_disease,vaccine_preventable,Measles,Nation,England,measles_cases_casesByOnsetWeek,all,all,default,2024,2024-02-12,71.0000,False
infectious_disease,vaccine_preventable,Measles,UKHSA Region,London,measles_cases_casesByOnsetWeek,all,all,default,2024,2024-02-12,12.0000,False
infectious_disease,vaccine_preventable,Measles,Nation,England,measles_cases_casesByOnsetWeek,all,all,default,2024,2024-02-05,70.0000,False
infectious_disease,vaccine_preventable,Measles,UKHSA Region,London,measles_cases_casesByOnsetWeek,all,all,default,2024,2024-02-05,16.0000,False
infectious_disease,vaccine_preventable,Measles,Nation,England,measles_cases_casesByOnsetWeek,all,all,default,2024,2024-01-29,70.0000,False
infectious_disease,vaccine_preventable,Measles,UKHSA Region,London,measles_cases_casesByOnsetWeek,all,all,default,2024,2024-01-29,8.0000,False
infectious_disease,vaccine_preventable,Measles,Nation,England,measles_cases_casesByOnsetWeek,all,all,default,2024,2024-01-22,65.0000,False
infectious_disease,vaccine_preventable,Measles,UKHSA Region,London,measles_cases_casesByOnsetWeek,all,all,default,2024,2024-01-22,9.0000,False
infectious_disease,vaccine_preventable,Measles,Nation,England,measles_cases_casesByOnsetWeek,all,all,default,2024,2024-01-15,53.0000,False
infectious_disease,vaccine_preventable,Measles,UKHSA Region,London,measles_cases_casesByOnsetWeek,all,all,default,2024,2024-01-15,12.0000,False
infectious_disease,vaccine_preventable,Measles,Nation,England,measles_cases_casesByOnsetWeek,all,all,default,2024,2024-01-08,65.0000,False
infectious_disease,vaccine_preventable,Measles,UKHSA Region,London,measles_cases_casesByOnsetWeek,all,all,default,2024,2024-01-08,12.0000,False
infectious_disease,vaccine_preventable,Measles,Nation,England,measles_cases_casesByOnsetWeek,all,all,default,2024,2024-01-01,74.0000,False
infectious_disease,vaccine_preventable,Measles,UKHSA Region,London,measles_cases_casesByOnsetWeek,all,all,default,2024,2024-01-01,7.0000,False
