source_code,source_name,target_code,target_name,rank,distance_km,distance_weight
S12000033,Aberdeen City,S12000034,Aberdeenshire,1,25.9059290222611,0.49432330012614734
S12000033,Aberdeen City,S12000041,Angus,2,67.17318653629832,0.19064011977752354
S12000033,Aberdeen City,S12000020,Moray,3,74.97555480170871,0.1708010612390426
S12000033,Aberdeen City,S12000042,Dundee City,4,88.78467958914212,0.14423551885728644
S12000034,Aberdeenshire,S12000033,Aberdeen City,1,25.9059290222611,0.46184557848427804
S12000034,Aberdeenshire,S12000020,Moray,2,49.64958477054236,0.24097963418532986
S12000034,Aberdeenshire,S12000041,Angus,3,70.39910534680416,0.16995299466546368
S12000034,Aberdeenshire,S12000042,Dundee City,4,94.04472712446794,0.12722179266492833
S12000041,Angus,S12000042,Dundee City,1,23.780369437740248,0.4538119190502133
S12000041,Angus,S12000048,Perth and Kinross,2,55.304422906478635,0.19513475637406458
S12000041,Angus,S12000047,Fife,3,56.68067320546521,0.19039673454731282
S12000041,Angus,S12000033,Aberdeen City,4,67.17318653629832,0.16065659002840935
N09000001,Antrim and Newtownabbey,N09000008,Mid and East Antrim,1,16.199242936132105,0.34020717367534803
N09000001,Antrim and Newtownabbey,N09000003,Belfast,2,19.195319815559944,0.28710637321679267
N09000001,Antrim and Newtownabbey,N09000007,Lisburn and Castlereagh,3,24.077834783868724,0.22888680416870727
N09000001,Antrim and Newtownabbey,N09000011,Ards and North Down,4,38.32484081594552,0.143799648939152
N09000011,Ards and North Down,N09000003,Belfast,1,20.59896125678058,0.35230349419795953
N09000011,Ards and North Down,N09000007,Lisburn and Castlereagh,2,24.95375588333681,0.2908213922401237
N09000011,Ards and North Down,N09000001,Antrim and Newtownabbey,3,38.32484081594552,0.18935723862400988
N09000011,Ards and North Down,N09000010,"Newry, Mourne and Down",4,43.32126365799558,0.1675178749379068
S12000035,Argyll and Bute,S12000018,Inverclyde,1,71.22885738182153,0.278472377471691
S12000035,Argyll and Bute,S12000021,North Ayrshire,2,78.98178776041168,0.2511372535637887
S12000035,Argyll and Bute,S12000039,West Dunbartonshire,3,82.37695649224482,0.2407866241280132
S12000035,Argyll and Bute,S12000038,Renfrewshire,4,86.38913652663572,0.2296037448365071
N09000002,"Armagh City, Banbridge and Craigavon",N09000010,"Newry, Mourne and Down",1,26.182397079419,0.32799556561017756
N09000002,"Armagh City, Banbridge and Craigavon",N09000007,Lisburn and Castlereagh,2,33.26332452790902,0.2581735367999349
N09000002,"Armagh City, Banbridge and Craigavon",N09000009,Mid Ulster,3,40.395172190689195,0.21259248750210066
N09000002,"Armagh City, Banbridge and Craigavon",N09000003,Belfast,4,42.674309220332496,0.2012384100877869
E09000002,Barking and Dagenham,E09000026,Redbridge,1,5.166893592890098,0.32501008846588764
E09000002,Barking and Dagenham,E09000016,Havering,2,6.171787248697011,0.27209177440028764
E09000002,Barking and Dagenham,E09000025,Newham,3,7.1159712320277455,0.23598922606106612
E09000002,Barking and Dagenham,E09000004,Bexley,4,10.061131745009133,0.1669089110727587
E09000003,Barnet,E09000014,Haringey,1,6.944806963967904,0.2829235806650008
E09000003,Barnet,E09000005,Brent,2,7.163903148218416,0.27427082871181324
E09000003,Barnet,E09000010,Enfield,3,8.871754906179957,0.22147249039807695
E09000003,Barnet,E09000007,Camden,4,8.877342120426919,0.221333100225109
E08000038,Barnsley,E08000039,Sheffield,1,15.014427722164996,0.2885747950379522
E08000038,Barnsley,E08000036,Wakefield,2,15.86793763714118,0.2730528378429221
E08000038,Barnsley,E08000034,Kirklees,3,17.466611667013623,0.24806101407284079
E08000038,Barnsley,E08000018,Rotherham,4,22.766825694745346,0.19031135304628485
E06000022,Bath and North East Somerset,E06000023,"Bristol, City of",1,14.88692624926099,0.35029949958781476
E06000022,Bath and North East Somerset,E06000024,North Somerset,2,19.952148923867547,0.26136948132331655
E06000022,Bath and North East Somerset,E06000025,South Gloucestershire,3,20.393418706882457,0.2557140070760616
E06000022,Bath and North East Somerset,E06000066,Somerset,4,39.32287974496983,0.13261701201280698
E06000055,Bedford,E06000042,Milton Keynes,1,22.997845528036414,0.29048534254400954
E06000055,Bedford,E06000056,Central Bedfordshire,2,23.343416923175955,0.2861850541406072
E06000055,Bedford,E06000061,North Northamptonshire,3,30.710443635652982,0.21753306839990333
E06000055,Bedford,E06000032,Luton,4,32.461853834077196,0.20579653491548
N09000003,Belfast,N09000007,Lisburn and Castlereagh,1,9.935370971147528,0.434020797616107
N09000003,Belfast,N09000001,Antrim and Newtownabbey,2,19.195319815559944,0.22464630310633749
N09000003,Belfast,N09000011,Ards and North Down,3,20.59896125678058,0.20933859624062004
N09000003,Belfast,N09000008,Mid and East Antrim,4,32.66927082680766,0.13199430303693546
E09000004,Bexley,E09000011,Greenwich,1,7.079206393968163,0.3312425824550275
E09000004,Bexley,E09000002,Barking and Dagenham,2,10.061131745009133,0.2330686713086102
E09000004,Bexley,E09000025,Newham,3,10.542303211589237,0.22243095845434915
E09000004,Bexley,E09000023,Lewisham,4,10.99577479471508,0.21325778778201313
E08000025,Birmingham,E08000028,Sandwell,1,9.592410361075165,0.3279986903230692
E08000025,Birmingham,E08000029,Solihull,2,12.68194621205987,0.2480926809547677
E08000025,Birmingham,E08000027,Dudley,3,14.753177519433004,0.2132623993258242
E08000025,Birmingham,E08000030,Walsall,4,14.936408045330898,0.21064622939633887
E06000008,Blackburn with Darwen,E08000001,Bolton,1,12.646191822353586,0.33381742048489
E06000008,Blackburn with Darwen,E08000002,Bury,2,16.054098175676074,0.26295585631158674
E06000008,Blackburn with Darwen,E08000010,Wigan,3,20.58277292018123,0.20509963110733354
E06000008,Blackburn with Darwen,E08000005,Rochdale,4,21.307127099234155,0.1981270920961897
E06000009,Blackpool,E10000017,Lancashire,1,17.730655521683595,0.404265691216152
E06000009,Blackpool,E08000014,Sefton,2,28.209818811257843,0.2540922278922391
E06000009,Blackpool,E06000008,Blackburn with Darwen,3,39.70759495764016,0.18051699474207825
E06000009,Blackpool,E08000010,Wigan,4,44.48652833325286,0.16112508614953058
W06000019,Blaenau Gwent,W06000018,Caerphilly,1,10.92904776418092,0.3062240602358274
W06000019,Blaenau Gwent,W06000024,Merthyr Tydfil,2,12.5468987356329,0.2667382156639327
W06000019,Blaenau Gwent,W06000020,Torfaen,3,12.634542335761193,0.26488789953127667
W06000019,Blaenau Gwent,W06000016,Rhondda Cynon Taf,4,20.639784161070033,0.16214982456896326
E08000001,Bolton,E08000010,Wigan,1,10.194736851035914,0.27468169498479356
E08000001,Bolton,E08000002,Bury,2,10.634324176513395,0.26332727418176183
E08000001,Bolton,E08000006,Salford,3,11.64097133845548,0.2405561801286958
E08000001,Bolton,E06000008,Blackburn with Darwen,4,12.646191822353586,0.2214348507047488
E06000058,"Bournemouth, Christchurch and Poole",E06000059,Dorset,1,27.96190711724465,0.3279261521346228
E06000058,"Bournemouth, Christchurch and Poole",E06000046,Isle of Wight,2,38.254969780984254,0.23969279442122832
E06000058,"Bournemouth, Christchurch and Poole",E06000045,Southampton,3,38.64975274779683,0.2372444829631271
E06000058,"Bournemouth, Christchurch and Poole",E10000014,Hampshire,4,46.989862457358015,0.1951365704810218
E06000036,Bracknell Forest,E06000040,Windsor and Maidenhead,1,8.96479494924752,0.34847641591456946
E06000036,Bracknell Forest,E06000041,Wokingham,2,11.286160455487911,0.2768009214155511
E06000036,Bracknell Forest,E06000039,Slough,3,15.582595559055077,0.2004813383934255
E06000036,Bracknell Forest,E06000038,Reading,4,17.929269226433313,0.17424132427645378
E08000032,Bradford,E08000033,Calderdale,1,17.310471146657513,0.32791136824736056
E08000032,Bradford,E08000035,Leeds,2,20.405490104272726,0.2781751503982918
E08000032,Bradford,E08000034,Kirklees,3,24.532413190903622,0.2313796133521686
E08000032,Bradford,E08000005,Rochdale,4,34.92379987308752,0.16253386800217898
E09000005,Brent,E09000009,Ealing,1,6.171443696343523,0.27942601116820637
E09000005,Brent,E09000015,Harrow,2,6.79224805234428,0.2538867664915831
E09000005,Brent,E09000003,Barnet,3,7.163903148218416,0.24071541163245586
E09000005,Brent,E09000007,Camden,4,7.631314232590979,0.2259718107077546
W06000013,Bridgend,W06000016,Rhondda Cynon Taf,1,17.30217980862963,0.2944472612184241
W06000013,Bridgend,W06000012,Neath Port Talbot,2,17.804484740111572,0.28614023557121976
W06000013,Bridgend,W06000014,Vale of Glamorgan,3,21.47243137948831,0.237261415240863
W06000013,Bridgend,W06000024,Merthyr Tydfil,4,27.968976274316617,0.18215108796949314
E06000043,Brighton and Hove,E10000032,West Sussex,1,27.048260636764493,0.34297767823209746
E06000043,Brighton and Hove,E10000011,East Sussex,2,30.011480399589146,0.30911336294963715
E06000043,Brighton and Hove,E10000030,Surrey,3,50.333903564701174,0.1843081695718109
E06000043,Brighton and Hove,E09000008,Croydon,4,56.70479755106175,0.16360078924645446
E06000023,"Bristol, City of",E06000025,South Gloucestershire,1,14.067643909294418,0.29244207759620977
E06000023,"Bristol, City of",E06000024,North Somerset,2,14.609230900660748,0.28160079334030236
E06000023,"Bristol, City of",E06000022,Bath and North East Somerset,3,14.88692624926099,0.2763479137892519
E06000023,"Bristol, City of",W06000022,Newport,4,27.498112360102652,0.14960921527423596
E09000006,Bromley,E09000008,Croydon,1,9.068160098696188,0.2781615946623751
E09000006,Bromley,E09000023,Lewisham,2,9.17624801591949,0.274885102204193
E09000006,Bromley,E09000011,Greenwich,3,10.72912284890312,0.23509972895546896
E09000006,Bromley,E09000004,Bexley,4,11.906402256816095,0.21185357417796283
E06000060,Buckinghamshire,E06000032,Luton,1,29.0263539671246,0.2726926184614537
E06000060,Buckinghamshire,E06000039,Slough,2,32.053734863597214,0.24693760341399182
E06000060,Buckinghamshire,E06000040,Windsor and Maidenhead,3,32.86692842802151,0.24082787307060463
E06000060,Buckinghamshire,E10000025,Oxfordshire,4,33.04337279066694,0.23954190505394987
E08000002,Bury,E08000005,Rochdale,1,8.87890145210234,0.3129491747143338
E08000002,Bury,E08000001,Bolton,2,10.634324176513395,0.26129021794747875
E08000002,Bury,E08000006,Salford,3,11.311262080668158,0.245652948538276
E08000002,Bury,E08000003,Manchester,4,15.427688640893557,0.18010765879991153
W06000018,Caerphilly,W06000020,Torfaen,1,10.626204234024419,0.30140264505648573
W06000018,Caerphilly,W06000019,Blaenau Gwent,2,10.92904776418092,0.29305078833511894
W06000018,Caerphilly,W06000024,Merthyr Tydfil,3,15.510221384329268,0.20649389739087143
W06000018,Caerphilly,W06000016,Rhondda Cynon Taf,4,16.09004328168751,0.19905266921752396
E08000033,Calderdale,E08000034,Kirklees,1,16.358487598229893,0.2753926356428683
E08000033,Calderdale,E08000032,Bradford,2,17.310471146657513,0.26024751011341357
E08000033,Calderdale,E08000005,Rochdale,3,18.542100467679877,0.24296098614395029
E08000033,Calderdale,E08000004,Oldham,4,20.34792252315237,0.22139886809976775
E10000003,Cambridgeshire,E06000031,Peterborough,1,36.01297034101444,0.29516501603218154
E10000003,Cambridgeshire,E06000055,Bedford,2,38.88023897090925,0.27339772721112515
E10000003,Cambridgeshire,E06000061,North Northamptonshire,3,45.82094063368315,0.23198495755580406
E10000003,Cambridgeshire,E06000056,Central Bedfordshire,4,53.29479284350414,0.19945229920088933
E09000007,Camden,E09000033,Westminster,1,3.1263406289927658,0.32137683456566674
E09000007,Camden,E09000019,Islington,2,3.4753356183615787,0.2891040076277308
E09000007,Camden,E09000020,Kensington and Chelsea,3,5.0472100199788805,0.19906709868275596
E09000007,Camden,E09000001,City of London,4,5.275518992768548,0.19045205912384647
W06000015,Cardiff,W06000014,Vale of Glamorgan,1,13.680603367554395,0.3196565769628402
W06000015,Cardiff,W06000022,Newport,2,17.556792633915364,0.24908278718352064
W06000015,Cardiff,W06000018,Caerphilly,3,18.22415964797932,0.2399613989193531
W06000015,Cardiff,W06000016,Rhondda Cynon Taf,4,22.85997013548445,0.19129923693428608
W06000010,Carmarthenshire,W06000011,Swansea,1,23.158627031269123,0.3880357252115709
W06000010,Carmarthenshire,W06000012,Neath Port Talbot,2,36.62789925804094,0.2453423433234441
W06000010,Carmarthenshire,W06000008,Ceredigion,3,46.52726473050014,0.19314212187272511
W06000010,Carmarthenshire,W06000009,Pembrokeshire,4,51.80069459439703,0.17347980959225992
N09000004,Causeway Coast and Glens,N09000008,Mid and East Antrim,1,35.324931687491606,0.34735331536358155
N09000004,Causeway Coast and Glens,N09000001,Antrim and Newtownabbey,2,46.77268116742485,0.2623375831870834
N09000004,Causeway Coast and Glens,N09000009,Mid Ulster,3,61.36187544466128,0.1999650768123614
N09000004,Causeway Coast and Glens,N09000005,Derry City and Strabane,4,64.4634480123249,0.19034402463697372
E06000056,Central Bedfordshire,E06000032,Luton,1,9.158080256512218,0.44620083825459556
E06000056,Central Bedfordshire,E10000015,Hertfordshire,2,20.052833554415997,0.20377883635097174
E06000056,Central Bedfordshire,E06000055,Bedford,3,23.343416923175955,0.17505333947925955
E06000056,Central Bedfordshire,E06000042,Milton Keynes,4,23.354937880908214,0.1749669859151732
W06000008,Ceredigion,W06000010,Carmarthenshire,1,46.52726473050014,0.3112055800527346
W06000008,Ceredigion,W06000023,Powys,2,55.22007974326039,0.2622152028038255
W06000008,Ceredigion,W06000011,Swansea,3,67.3250806911199,0.21506909847093988
W06000008,Ceredigion,W06000012,Neath Port Talbot,4,68.45792768497475,0.21151011867250008
E06000049,Cheshire East,E06000021,Stoke-on-Trent,1,24.034737989178346,0.2707751150540851
E06000049,Cheshire East,E08000009,Trafford,2,25.678695635394085,0.25344001255828114
E06000049,Cheshire East,E06000007,Warrington,3,27.057535955434766,0.24052481922350957
E06000049,Cheshire East,E06000050,Cheshire West and Chester,4,27.663042904161816,0.23526005316412418
E06000050,Cheshire West and Chester,E06000006,Halton,1,16.807920203223574,0.32703497284447397
E06000050,Cheshire West and Chester,E08000012,Liverpool,2,23.44002582829337,0.23450391085313574
E06000050,Cheshire West and Chester,W06000005,Flintshire,3,24.8718763231732,0.2210037415678182
E06000050,Cheshire West and Chester,E06000007,Warrington,4,25.27749511343388,0.21745737473457213
S12000036,City of Edinburgh,S12000019,Midlothian,1,18.27783909289899,0.3133499071277569
S12000036,City of Edinburgh,S12000040,West Lothian,2,18.69868945900322,0.3062973581551364
S12000036,City of Edinburgh,S12000014,Falkirk,3,29.98054985517788,0.19103582855958934
S12000036,City of Edinburgh,S12000047,Fife,4,30.252761353973572,0.1893169061575174
E09000001,City of London,E09000019,Islington,1,3.435003418704421,0.2830237029122709
E09000001,City of London,E09000012,Hackney,2,3.8604965382200924,0.25182962280967836
E09000001,City of London,E09000028,Southwark,3,4.048824583672038,0.24011595636882846
E09000001,City of London,E09000030,Tower Hamlets,4,4.320243014423553,0.22503071790922236
S12000005,Clackmannanshire,S12000014,Falkirk,1,14.914204912269462,0.4089819456863018
S12000005,Clackmannanshire,S12000040,West Lothian,2,28.608084514150562,0.21321387457335944
S12000005,Clackmannanshire,S12000050,North Lanarkshire,3,30.074194355536985,0.20281974876115524
S12000005,Clackmannanshire,S12000030,Stirling,4,34.858190007257214,0.17498443097918354
W06000003,Conwy,W06000004,Denbighshire,1,22.771526733435262,0.3886658876646589
W06000003,Conwy,W06000005,Flintshire,2,38.70087417203558,0.2286903291121346
W06000003,Conwy,W06000002,Gwynedd,3,46.14412833446312,0.19180155679135555
W06000003,Conwy,E08000015,Wirral,4,46.37608676448039,0.1908422264318508
E06000052,Cornwall,E06000026,Plymouth,1,54.71522944108256,0.3668704379342955
E06000052,Cornwall,E10000008,Devon,2,82.02606788940537,0.24471976657213546
E06000052,Cornwall,E06000027,Torbay,3,97.1931573109427,0.2065310022032324
E06000052,Cornwall,E06000053,Isles of Scilly,4,110.36690877249147,0.18187879329033663
E06000047,County Durham,E06000005,Darlington,1,22.989211877407385,0.28600141880177116
E06000047,County Durham,E08000037,Gateshead,2,24.451192604952336,0.26890088022705905
E06000047,County Durham,E08000024,Sunderland,3,27.762900751894957,0.23682493673231417
E06000047,County Durham,E06000004,Stockton-on-Tees,4,31.568924713231468,0.20827276423885563
E08000026,Coventry,E10000031,Warwickshire,1,11.351284592744186,0.3799546426556083
E08000026,Coventry,E08000029,Solihull,2,13.446133579319108,0.3207593659304277
E08000026,Coventry,E08000025,Birmingham,3,24.811828270842845,0.17382730663933135
E08000026,Coventry,E08000028,Sandwell,4,34.37763825490302,0.12545868477463262
E09000008,Croydon,E09000029,Sutton,1,6.462910648661515,0.342756541479674
E09000008,Croydon,E09000006,Bromley,2,9.068160098696188,0.24428383241115006
E09000008,Croydon,E09000024,Merton,3,9.413046075150405,0.2353334812282837
E09000008,Croydon,E09000022,Lambeth,4,12.471164666174515,0.17762614488089215
E06000063,Cumberland,E06000064,Westmorland and Furness,1,47.36579863564263,0.36477176068644385
E06000063,Cumberland,S12000006,Dumfries and Galloway,2,65.4494567727737,0.2639854724024275
E06000063,Cumberland,E06000047,County Durham,3,90.06525943312086,0.1918354077186966
E06000063,Cumberland,E08000037,Gateshead,4,96.30433134078342,0.17940735919243206
E06000005,Darlington,E06000004,Stockton-on-Tees,1,15.367584488545111,0.3294038977017699
E06000005,Darlington,E06000002,Middlesbrough,2,21.098719131551803,0.23992651863012412
E06000005,Darlington,E06000047,County Durham,3,22.989211877407385,0.22019642325202252
E06000005,Darlington,E06000001,Hartlepool,4,24.051248238876134,0.21047316041608338
W06000004,Denbighshire,W06000005,Flintshire,1,19.221639484814617,0.3245819995918055
W06000004,Denbighshire,W06000003,Conwy,2,22.771526733435262,0.27398242781206483
W06000004,Denbighshire,E08000015,Wirral,3,31.07586686832332,0.20076666584556493
W06000004,Denbighshire,W06000006,Wrexham,4,31.09100597816643,0.20066890675056473
E06000015,Derby,E10000007,Derbyshire,1,19.428011469682275,0.3251095290655388
E06000015,Derby,E06000018,Nottingham,2,20.111621442346003,0.3140587981777121
E06000015,Derby,E10000024,Nottinghamshire,3,34.33993603375879,0.1839325400425601
E06000015,Derby,E10000018,Leicestershire,4,35.70527205349986,0.17689913271418886
E10000007,Derbyshire,E06000015,Derby,1,19.428011469682275,0.3665288930204417
E10000007,Derbyshire,E06000018,Nottingham,2,30.05978049008559,0.2368922001915395
E10000007,Derbyshire,E10000024,Nottinghamshire,3,35.67778344763261,0.19958996466311016
E10000007,Derbyshire,E08000039,Sheffield,4,36.14886937692057,0.19698894212490867
N09000005,Derry City and Strabane,N09000009,Mid Ulster,1,41.96095210441689,0.32476024927168806
N09000005,Derry City and Strabane,N09000006,Fermanagh and Omagh,2,45.67172487211676,0.2983738692432749
N09000005,Derry City and Strabane,N09000004,Causeway Coast and Glens,3,64.4634480123249,0.2113949794075919
N09000005,Derry City and Strabane,N09000002,"Armagh City, Banbridge and Craigavon",4,82.35435411314701,0.16547090207744516
E10000008,Devon,E06000027,Torbay,1,31.603722457454623,0.3766898003811396
E10000008,Devon,E06000026,Plymouth,2,35.411477806538215,0.33618478078882863
E10000008,Devon,E06000052,Cornwall,3,82.02606788940537,0.14513434826414695
E10000008,Devon,E06000066,Somerset,4,83.84189129890109,0.14199107056588495
E08000017,Doncaster,E08000018,Rotherham,1,15.528613890825515,0.3607575941863961
E08000017,Doncaster,E08000036,Wakefield,2,23.070455385917974,0.24282422234816922
E08000017,Doncaster,E08000038,Barnsley,3,26.513552498412214,0.21129063669001535
E08000017,Doncaster,E08000039,Sheffield,4,30.260571621464873,0.18512754677541934
E06000059,Dorset,E06000058,"Bournemouth, Christchurch and Poole",1,27.96190711724465,0.4337236064999
E06000059,Dorset,E06000066,Somerset,2,62.630020144677935,0.1936409915163845
E06000059,Dorset,E06000045,Southampton,3,64.04078919685902,0.1893752302493704
E06000059,Dorset,E06000046,Isle of Wight,4,66.17771381927443,0.18326017173434503
E08000027,Dudley,E08000028,Sandwell,1,6.756951952317466,0.4047064803099684
E08000027,Dudley,E08000031,Wolverhampton,2,11.94830119535262,0.22886786979471252
E08000027,Dudley,E08000025,Birmingham,3,14.753177519433004,0.18535547604195488
E08000027,Dudley,E08000030,Walsall,4,15.102333995992701,0.1810701738533642
S12000006,Dumfries and Galloway,S12000028,South Ayrshire,1,53.59756937086091,0.2845453027343011
S12000006,Dumfries and Galloway,S12000008,East Ayrshire,2,57.98158667240933,0.26303068745980895
S12000006,Dumfries and Galloway,E06000063,Cumberland,3,65.4494567727737,0.23301853604992112
S12000006,Dumfries and Galloway,S12000029,South Lanarkshire,4,69.51028313640435,0.21940547375596875
S12000042,Dundee City,S12000041,Angus,1,23.780369437740248,0.3820996397231829
S12000042,Dundee City,S12000047,Fife,2,32.92063847155434,0.27601137209097765
S12000042,Dundee City,S12000048,Perth and Kinross,3,47.34538585628577,0.1919188201829467
S12000042,Dundee City,S12000010,East Lothian,4,60.58852047474845,0.14997016800289284
E09000009,Ealing,E09000018,Hounslow,1,5.648693418760886,0.30574478377007686
E09000009,Ealing,E09000005,Brent,2,6.171443696343523,0.27984676404416625
E09000009,Ealing,E09000015,Harrow,3,8.25042306653985,0.20932969545606772
E09000009,Ealing,E09000013,Hammersmith and Fulham,4,8.421440501411418,0.20507875672968912
S12000008,East Ayrshire,S12000028,South Ayrshire,1,26.078572884326967,0.30967364951162923
S12000008,East Ayrshire,S12000011,East Renfrewshire,2,31.793567892897496,0.2540088255067669
S12000008,East Ayrshire,S12000029,South Lanarkshire,3,35.38689229287656,0.2282157690566749
S12000008,East Ayrshire,S12000021,North Ayrshire,4,38.80720180976195,0.20810175592492905
S12000045,East Dunbartonshire,S12000049,Glasgow City,1,10.900451082766244,0.3663852911733418
S12000045,East Dunbartonshire,S12000050,North Lanarkshire,2,17.30333342871467,0.23080899182422707
S12000045,East Dunbartonshire,S12000039,West Dunbartonshire,3,17.86742475223593,0.2235221359127481
S12000045,East Dunbartonshire,S12000038,Renfrewshire,4,22.276244816206997,0.17928358108968304
S12000010,East Lothian,S12000019,Midlothian,1,27.23516257102128,0.31528012438278524
S12000010,East Lothian,S12000036,City of Edinburgh,2,36.41498267700209,0.23580144247603632
S12000010,East Lothian,S12000047,Fife,3,36.52602093075859,0.2350846115774438
S12000010,East Lothian,S12000026,Scottish Borders,4,40.15597429903127,0.21383382156373462
S12000011,East Renfrewshire,S12000049,Glasgow City,1,12.08084424611436,0.3475264304301053
S12000011,East Renfrewshire,S12000038,Renfrewshire,2,13.902715319311959,0.3019850857193541
S12000011,East Renfrewshire,S12000045,East Dunbartonshire,3,22.44634849816443,0.18704212303295248
S12000011,East Renfrewshire,S12000039,West Dunbartonshire,4,25.686792024202834,0.16344636081758807
E06000011,East Riding of Yorkshire,E06000010,"Kingston upon Hull, City of",1,17.584747053976077,0.3803890280585404
E06000011,East Riding of Yorkshire,E06000013,North Lincolnshire,2,25.089083627659917,0.2666117638965013
E06000011,East Riding of Yorkshire,E06000014,York,3,34.23594248425766,0.19538077105933307
E06000011,East Riding of Yorkshire,E06000012,North East Lincolnshire,4,42.4382132473962,0.1576184369856252
E10000011,East Sussex,E06000043,Brighton and Hove,1,30.011480399589146,0.3716829143530485
E10000011,East Sussex,E09000006,Bromley,2,52.43871180597597,0.2127198421700641
E10000011,East Sussex,E09000008,Croydon,3,52.99359731485599,0.21049249464409564
E10000011,East Sussex,E10000016,Kent,4,54.38564715077566,0.20510474883279187
E09000010,Enfield,E09000014,Haringey,1,6.6991581618112885,0.31365107123760566
E09000010,Enfield,E09000031,Waltham Forest,2,7.980432262032124,0.26329377467921944
E09000010,Enfield,E09000003,Barnet,3,8.871754906179957,0.2368413190020151
E09000010,Enfield,E09000012,Hackney,4,11.283791738280184,0.18621383508115982
E10000012,Essex,E06000033,Southend-on-Sea,1,24.12683313402491,0.3605329280575089
E10000012,Essex,E06000034,Thurrock,2,37.209382044579144,0.23377216488421015
E10000012,Essex,E06000035,Medway,3,41.07752702955342,0.21175855567709162
E10000012,Essex,E09000016,Havering,4,44.852436031797154,0.19393635138118923
S12000014,Falkirk,S12000005,Clackmannanshire,1,14.914204912269462,0.3063799159690475
S12000014,Falkirk,S12000040,West Lothian,2,16.10576807186135,0.283712818126915
S12000014,Falkirk,S12000050,North Lanarkshire,3,17.78669301907705,0.2569006415563235
S12000014,Falkirk,S12000045,East Dunbartonshire,4,29.86415043953973,0.153006624347714
N09000006,Fermanagh and Omagh,N09000009,Mid Ulster,1,38.425356023955416,0.34919422816218426
N09000006,Fermanagh and Omagh,N09000005,Derry City and Strabane,2,45.67172487211676,0.293790361021247
N09000006,Fermanagh and Omagh,N09000002,"Armagh City, Banbridge and Craigavon",3,64.64114322618789,0.20757542130236156
N09000006,Fermanagh and Omagh,N09000010,"Newry, Mourne and Down",4,89.7879649366986,0.14943998951420726
S12000047,Fife,S12000036,City of Edinburgh,1,30.252761353973572,0.28597907355237306
S12000047,Fife,S12000042,Dundee City,2,32.92063847155434,0.2628034286724425
S12000047,Fife,S12000010,East Lothian,3,36.52602093075859,0.2368628294007473
S12000047,Fife,S12000005,Clackmannanshire,4,40.361410040753526,0.2143546683744371
W06000005,Flintshire,E08000015,Wirral,1,13.67900040533861,0.35598291027829165
W06000005,Flintshire,W06000004,Denbighshire,2,19.221639484814617,0.25333376884096387
W06000005,Flintshire,E06000050,Cheshire West and Chester,3,24.8718763231732,0.19578299243364486
W06000005,Flintshire,E08000012,Liverpool,4,24.98451599742717,0.19490032844709962
E08000037,Gateshead,E08000021,Newcastle upon Tyne,1,8.035047652199149,0.3869279833114851
E08000037,Gateshead,E08000023,South Tyneside,2,14.824122676386345,0.20972470693523515
E08000037,Gateshead,E08000022,North Tyneside,3,14.982671778716567,0.20750536551788626
E08000037,Gateshead,E08000024,Sunderland,4,15.874968950166444,0.1958419442353935
S12000049,Glasgow City,S12000045,East Dunbartonshire,1,10.900451082766244,0.31958696678443194
S12000049,Glasgow City,S12000011,East Renfrewshire,2,12.08084424611436,0.28836081544911957
S12000049,Glasgow City,S12000038,Renfrewshire,3,17.267780616953445,0.20174231856426955
S12000049,Glasgow City,S12000050,North Lanarkshire,4,18.305101903408783,0.19030989920217903
E10000013,Gloucestershire,E06000025,South Gloucestershire,1,35.10314320425694,0.29414171325371874
E10000013,Gloucestershire,E06000030,Swindon,2,41.1389508112201,0.2509859507616486
E10000013,Gloucestershire,W06000021,Monmouthshire,3,45.316336960457676,0.22784936681224838
E10000013,Gloucestershire,E10000034,Worcestershire,4,45.48129522017885,0.22702296917238424
E09000011,Greenwich,E09000023,Lewisham,1,4.61304147839349,0.31884340217841406
E09000011,Greenwich,E09000025,Newham,2,5.871026101308658,0.25052483398656156
E09000011,Greenwich,E09000030,Tower Hamlets,3,6.599739416505043,0.22286301724015914
E09000011,Greenwich,E09000004,Bexley,4,7.079206393968163,0.2077687465948653
W06000002,Gwynedd,W06000003,Conwy,1,46.14412833446312,0.29878277914698215
W06000002,Gwynedd,W06000001,Isle of Anglesey,2,49.78205289859812,0.2769486210857758
W06000002,Gwynedd,W06000004,Denbighshire,3,60.31623186137555,0.22857977827216797
W06000002,Gwynedd,W06000008,Ceredigion,4,70.45405455330487,0.19568882149507422
E09000012,Hackney,E09000019,Islington,1,2.4587994496979624,0.38259283477075495
E09000012,Hackney,E09000001,City of London,2,3.8604965382200924,0.24367825285667538
E09000012,Hackney,E09000030,Tower Hamlets,3,4.506386740753158,0.20875240091699102
E09000012,Hackney,E09000014,Haringey,4,5.702139312395467,0.1649765114555786
E06000006,Halton,E06000007,Warrington,1,10.483249504267524,0.2820456055812305
E06000006,Halton,E08000013,St. Helens,2,11.769189407572734,0.25122838561743116
E06000006,Halton,E08000011,Knowsley,3,12.100523833973432,0.2443492939197297
E06000006,Halton,E08000012,Liverpool,4,13.296151336997747,0.2223767148816087
E09000013,Hammersmith and Fulham,E09000020,Kensington and Chelsea,1,1.9234853577818458,0.47481040420355713
E09000013,Hammersmith and Fulham,E09000033,Westminster,2,4.323423431046338,0.21124251990904136
E09000013,Hammersmith and Fulham,E09000032,Wandsworth,3,5.02281180899013,0.18182860416417734
E09000013,Hammersmith and Fulham,E09000007,Camden,4,6.912665945162314,0.1321184717232242
E10000014,Hampshire,E06000045,Southampton,1,8.434193640172872,0.5207049383700618
E10000014,Hampshire,E06000044,Portsmouth,2,19.82195947859843,0.2215586347227218
E10000014,Hampshire,E06000046,Isle of Wight,3,26.733944324036177,0.16427528337667827
E10000014,Hampshire,E06000058,"Bournemouth, Christchurch and Poole",4,46.989862457358015,0.09346114353053814
E09000014,Haringey,E09000019,Islington,1,4.99513723166284,0.28870369628350573
E09000014,Haringey,E09000012,Hackney,2,5.702139312395467,0.2529076375053678
E09000014,Haringey,E09000007,Camden,3,5.931683161636236,0.24312063590170202
E09000014,Haringey,E09000010,Enfield,4,6.6991581618112885,0.21526803030942435
E09000015,Harrow,E09000005,Brent,1,6.79224805234428,0.30432757177549663
E09000015,Harrow,E09000009,Ealing,2,8.25042306653985,0.25054089226647264
E09000015,Harrow,E09000017,Hillingdon,3,9.128353271054644,0.22644482474416358
E09000015,Harrow,E09000003,Barnet,4,9.452190053950138,0.21868671121386715
E06000001,Hartlepool,E06000004,Stockton-on-Tees,1,11.717895546635852,0.32680900608580316
E06000001,Hartlepool,E06000002,Middlesbrough,2,12.85207739957984,0.2979684667272947
E06000001,Hartlepool,E06000003,Redcar and Cleveland,3,17.729275829848163,0.21599944824402445
E06000001,Hartlepool,E06000005,Darlington,4,24.051248238876134,0.15922307894287765
E09000016,Havering,E09000002,Barking and Dagenham,1,6.171787248697011,0.384770618607486
E09000016,Havering,E09000026,Redbridge,2,10.341423621012465,0.2296320588559787
E09000016,Havering,E09000004,Bexley,3,11.61146492706357,0.20451531417539126
E09000016,Havering,E09000025,Newham,4,13.114071459042329,0.181082008361144
E06000019,"Herefordshire, County of",E10000034,Worcestershire,1,38.61931860651974,0.28758634398899263
E06000019,"Herefordshire, County of",W06000021,Monmouthshire,2,42.07522751486626,0.26396502886338324
E06000019,"Herefordshire, County of",E10000013,Gloucestershire,3,47.33994681411576,0.23460923369866152
E06000019,"Herefordshire, County of",W06000023,Powys,4,51.93799171547814,0.2138393934489626
E10000015,Hertfordshire,E06000032,Luton,1,11.971601645008366,0.3848299350572579
E10000015,Hertfordshire,E06000056,Central Bedfordshire,2,20.052833554415997,0.22974462292713638
E10000015,Hertfordshire,E09000003,Barnet,3,23.837189822504506,0.19327071344754193
E10000015,Hertfordshire,E09000010,Enfield,4,23.97563004518028,0.1921547285680638
S12000017,Highland,S12000013,Na h-Eileanan Siar,1,104.56274624655498,0.31671850548995
S12000017,Highland,S12000020,Moray,2,123.57581348242684,0.26798898415378986
S12000017,Highland,S12000048,Perth and Kinross,3,154.74786919624773,0.21400589806594109
S12000017,Highland,S12000035,Argyll and Bute,4,164.52637532280903,0.20128661229031905
E09000017,Hillingdon,E09000009,Ealing,1,8.452466870547978,0.2799489981026521
E09000017,Hillingdon,E09000015,Harrow,2,9.128353271054644,0.2592208651048822
E09000017,Hillingdon,E09000018,Hounslow,3,10.140433509494143,0.23334896182597295
E09000017,Hillingdon,E06000039,Slough,4,10.402001977765005,0.22748117496649284
E09000018,Hounslow,E09000027,Richmond upon Thames,1,4.069548919690373,0.3916335067811718
E09000018,Hounslow,E09000009,Ealing,2,5.648693418760886,0.2821487371119328
E09000018,Hounslow,E09000013,Hammersmith and Fulham,3,9.661984568661,0.1649528316993309
E09000018,Hounslow,E09000021,Kingston upon Thames,4,9.882940883089582,0.16126492440756449
S12000018,Inverclyde,S12000038,Renfrewshire,1,15.209949065850429,0.3350325697442322
S12000018,Inverclyde,S12000039,West Dunbartonshire,2,16.309496287457044,0.3124454754086883
S12000018,Inverclyde,S12000021,North Ayrshire,3,28.842658490475817,0.17667679014032134
S12000018,Inverclyde,S12000011,East Renfrewshire,4,28.97906422225843,0.17584516470675804
W06000001,Isle of Anglesey,W06000003,Conwy,1,49.164827311214395,0.3085641475115205
W06000001,Isle of Anglesey,W06000002,Gwynedd,2,49.78205289859812,0.304738397545337
W06000001,Isle of Anglesey,W06000004,Denbighshire,3,71.93400962060997,0.2108947229112814
W06000001,Isle of Anglesey,W06000005,Flintshire,4,86.2927603655591,0.1758027320318611
E06000046,Isle of Wight,E06000044,Portsmouth,1,21.99914185508132,0.30168883592582907
E06000046,Isle of Wight,E06000045,Southampton,2,23.997784043407574,0.2765628478705261
E06000046,Isle of Wight,E10000014,Hampshire,3,26.733944324036177,0.24825724992849305
E06000046,Isle of Wight,E06000058,"Bournemouth, Christchurch and Poole",4,38.254969780984254,0.17349106627515176
E06000053,Isles of Scilly,E06000052,Cornwall,1,110.36690877249147,0.3589968808736403
E06000053,Isles of Scilly,E06000026,Plymouth,2,163.47212507294958,0.24237389697668013
E06000053,Isles of Scilly,E10000008,Devon,3,192.35337253973933,0.2059822267623847
E06000053,Isles of Scilly,E06000027,Torbay,4,205.66827902680643,0.19264699538729485
E09000019,Islington,E09000012,Hackney,1,2.4587994496979624,0.34298899228216306
E09000019,Islington,E09000001,City of London,2,3.435003418704421,0.24551391736137596
E09000019,Islington,E09000007,Camden,3,3.4753356183615787,0.24266466266455958
E09000019,Islington,E09000014,Haringey,4,4.99513723166284,0.16883242769190143
E09000020,Kensington and Chelsea,E09000013,Hammersmith and Fulham,1,1.9234853577818458,0.39819589847146936
E09000020,Kensington and Chelsea,E09000033,Westminster,2,2.4216317326334376,0.31628425161316454
E09000020,Kensington and Chelsea,E09000007,Camden,3,5.0472100199788805,0.15175195349645124
E09000020,Kensington and Chelsea,E09000032,Wandsworth,4,5.725768295257092,0.13376789641891493
E10000016,Kent,E06000035,Medway,1,20.524697758285857,0.3718634816661824
E10000016,Kent,E06000033,Southend-on-Sea,2,28.662698294128887,0.2662828701687741
E10000016,Kent,E06000034,Thurrock,3,36.909606179845966,0.20678588471935086
E10000016,Kent,E09000004,Bexley,4,49.21967918377352,0.1550677634456925
E06000010,"Kingston upon Hull, City of",E06000011,East Riding of Yorkshire,1,17.584747053976077,0.3756470961283229
E06000010,"Kingston upon Hull, City of",E06000013,North Lincolnshire,2,25.92885550595838,0.2547609232293046
E06000010,"Kingston upon Hull, City of",E06000012,North East Lincolnshire,3,27.296416240767375,0.24199730502026853
E06000010,"Kingston upon Hull, City of",E06000014,York,4,51.770649008435996,0.12759467562210405
E09000021,Kingston upon Thames,E09000027,Richmond upon Thames,1,6.130032948754683,0.313156581541231
E09000021,Kingston upon Thames,E09000024,Merton,2,7.326383460479217,0.26202015951285795
E09000021,Kingston upon Thames,E09000029,Sutton,3,8.325228188827932,0.23058348905597842
E09000021,Kingston upon Thames,E09000018,Hounslow,4,9.882940883089582,0.1942397698899327
E08000034,Kirklees,E08000033,Calderdale,1,16.358487598229893,0.2955157930627204
E08000034,Kirklees,E08000038,Barnsley,2,17.466611667013623,0.27676755675670867
E08000034,Kirklees,E08000036,Wakefield,3,21.039580257107485,0.22976653416194082
E08000034,Kirklees,E08000004,Oldham,4,24.421260937490995,0.19795011601863013
E08000011,Knowsley,E08000012,Liverpool,1,5.042544213924992,0.445327505469837
E08000011,Knowsley,E08000013,St. Helens,2,9.314144725281704,0.2410939170736001
E08000011,Knowsley,E06000006,Halton,3,12.100523833973432,0.1855773904352699
E08000011,Knowsley,E06000007,Warrington,4,17.543459465223744,0.12800118702129296
E09000022,Lambeth,E09000028,Southwark,1,3.8543440547793852,0.3214288204453686
E09000022,Lambeth,E09000032,Wandsworth,2,4.256009408253439,0.2910936382602523
E09000022,Lambeth,E09000001,City of London,3,6.221060480135338,0.19914567091484134
E09000022,Lambeth,E09000033,Westminster,4,6.578266655673606,0.18833187037953777
E10000017,Lancashire,E06000009,Blackpool,1,17.730655521683595,0.37697359706527667
E10000017,Lancashire,E06000008,Blackburn with Darwen,2,26.711685160041107,0.250227155280086
E10000017,Lancashire,E08000014,Sefton,3,35.16265028879143,0.19008774752297286
E10000017,Lancashire,E08000001,Bolton,4,36.58220191678027,0.18271150013166448
E08000035,Leeds,E08000032,Bradford,1,20.405490104272726,0.2986752339882933
E08000035,Leeds,E08000036,Wakefield,2,21.915382778544345,0.27809756248046125
E08000035,Leeds,E08000034,Kirklees,3,26.491205014491637,0.2300618083701926
E08000035,Leeds,E08000033,Calderdale,4,31.55127514665883,0.19316539516105288
E06000016,Leicester,E10000018,Leicestershire,1,6.325194381005955,0.6476659495607017
E06000016,Leicester,E06000017,Rutland,2,32.29123855003468,0.12686453691092123
E06000016,Leicester,E08000026,Coventry,3,35.98094877234228,0.11385505843245601
E06000016,Leicester,E06000018,Nottingham,4,36.703247992472136,0.11161445509592108
E10000018,Leicestershire,E06000016,Leicester,1,6.325194381005955,0.6284573419598327
E10000018,Leicestershire,E06000017,Rutland,2,29.85572261699671,0.1331441512590708
E10000018,Leicestershire,E06000018,Nottingham,3,31.283565454434562,0.12706719295970736
E10000018,Leicestershire,E06000015,Derby,4,35.70527205349986,0.11133131382138924
E09000023,Lewisham,E09000011,Greenwich,1,4.61304147839349,0.30178488229685585
E09000023,Lewisham,E09000028,Southwark,2,4.74794962122868,0.2932099728613447
E09000023,Lewisham,E09000030,Tower Hamlets,3,6.663679387876674,0.20891554028248185
E09000023,Lewisham,E09000022,Lambeth,4,7.099540960960863,0.1960896045593176
E10000019,Lincolnshire,E06000012,North East Lincolnshire,1,41.40335449553136,0.33068407899222746
E10000019,Lincolnshire,E06000013,North Lincolnshire,2,56.774512061989505,0.2411545190136454
E10000019,Lincolnshire,E10000024,Nottinghamshire,3,62.547327896267824,0.21889712333115433
E10000019,Lincolnshire,E06000031,Peterborough,4,65.42650392135964,0.2092642786629728
N09000007,Lisburn and Castlereagh,N09000003,Belfast,1,9.935370971147528,0.46971960682606523
N09000007,Lisburn and Castlereagh,N09000001,Antrim and Newtownabbey,2,24.077834783868724,0.19382301557136403
N09000007,Lisburn and Castlereagh,N09000011,Ards and North Down,3,24.95375588333681,0.1870194838827793
N09000007,Lisburn and Castlereagh,N09000010,"Newry, Mourne and Down",4,31.229284822424177,0.14943789371979138
E08000012,Liverpool,E08000011,Knowsley,1,5.042544213924992,0.47497420144259095
E08000012,Liverpool,E06000006,Halton,2,13.296151336997747,0.1801332092681179
E08000012,Liverpool,E08000015,Wirral,3,13.679022302164984,0.17509134485941372
E08000012,Liverpool,E08000013,St. Helens,4,14.105187622680072,0.16980124442987743
E06000032,Luton,E06000056,Central Bedfordshire,1,9.158080256512218,0.41880629574640915
E06000032,Luton,E10000015,Hertfordshire,2,11.971601645008366,0.3203799944326936
E06000032,Luton,E06000060,Buckinghamshire,3,29.0263539671246,0.13213721822321434
E06000032,Luton,E06000042,Milton Keynes,4,29.807011527560736,0.1286764915976829
E08000003,Manchester,E08000009,Trafford,1,8.144090713517272,0.29136759234579523
E08000003,Manchester,E08000007,Stockport,2,9.510826313104937,0.24949715460302674
E08000003,Manchester,E08000006,Salford,3,9.74722794190554,0.2434460461154847
E08000003,Manchester,E08000008,Tameside,4,11.001589447870487,0.21568920693569332
E06000035,Medway,E06000034,Thurrock,1,16.443332599336273,0.30283925258645467
E06000035,Medway,E06000033,Southend-on-Sea,2,17.5235363607063,0.28417132546257184
E06000035,Medway,E10000016,Kent,3,20.524697758285857,0.2426192391750652
E06000035,Medway,E09000016,Havering,4,29.22862717687739,0.17037018277590832
W06000024,Merthyr Tydfil,W06000016,Rhondda Cynon Taf,1,11.973518759330998,0.3086234278227167
W06000024,Merthyr Tydfil,W06000019,Blaenau Gwent,2,12.5468987356329,0.29451966421867626
W06000024,Merthyr Tydfil,W06000018,Caerphilly,3,15.510221384329268,0.23824988122593044
W06000024,Merthyr Tydfil,W06000020,Torfaen,4,23.298516331389084,0.1586070267326768
E09000024,Merton,E09000032,Wandsworth,1,4.792353334336302,0.31941239348624595
E09000024,Merton,E09000029,Sutton,2,5.732544381505133,0.26702576501470376
E09000024,Merton,E09000021,Kingston upon Thames,3,7.326383460479217,0.20893487997310267
E09000024,Merton,E09000022,Lambeth,4,7.4806224826734065,0.20462696152594761
N09000009,Mid Ulster,N09000006,Fermanagh and Omagh,1,38.425356023955416,0.27841473537077266
N09000009,Mid Ulster,N09000002,"Armagh City, Banbridge and Craigavon",2,40.395172190689195,0.26483821577577354
N09000009,Mid Ulster,N09000005,Derry City and Strabane,3,41.96095210441689,0.254955733661991
N09000009,Mid Ulster,N09000001,Antrim and Newtownabbey,4,53.01608406083612,0.20179131519146284
N09000008,Mid and East Antrim,N09000001,Antrim and Newtownabbey,1,16.199242936132105,0.42301102341536945
N09000008,Mid and East Antrim,N09000003,Belfast,2,32.66927082680766,0.2097524113499486
N09000008,Mid and East Antrim,N09000004,Causeway Coast and Glens,3,35.324931687491606,0.19398362588748783
N09000008,Mid and East Antrim,N09000007,Lisburn and Castlereagh,4,39.55175801799987,0.17325293934719424
E06000002,Middlesbrough,E06000004,Stockton-on-Tees,1,6.338492218699163,0.43628353819447674
E06000002,Middlesbrough,E06000003,Redcar and Cleveland,2,12.715677198641561,0.217477981612152
E06000002,Middlesbrough,E06000001,Hartlepool,3,12.85207739957984,0.21516986912035213
E06000002,Middlesbrough,E06000005,Darlington,4,21.098719131551803,0.13106861107301906
S12000019,Midlothian,S12000036,City of Edinburgh,1,18.27783909289899,0.35721180905851474
S12000019,Midlothian,S12000010,East Lothian,2,27.23516257102128,0.23972906168740593
S12000019,Midlothian,S12000040,West Lothian,3,32.24759480237299,0.20246657178830713
S12000019,Midlothian,S12000026,Scottish Borders,4,32.54886447703309,0.20059255746577215
E06000042,Milton Keynes,E06000055,Bedford,1,22.997845528036414,0.2711882370566954
E06000042,Milton Keynes,E06000056,Central Bedfordshire,2,23.354937880908214,0.2670418228750121
E06000042,Milton Keynes,E06000062,West Northamptonshire,3,24.69680999746252,0.25253241959148565
E06000042,Milton Keynes,E06000032,Luton,4,29.807011527560736,0.2092375204768067
W06000021,Monmouthshire,W06000020,Torfaen,1,14.065169313553955,0.3441115538184486
W06000021,Monmouthshire,W06000022,Newport,2,20.520265323204015,0.23586377617318757
W06000021,Monmouthshire,W06000019,Blaenau Gwent,3,21.780119666182326,0.222220416663807
W06000021,Monmouthshire,W06000018,Caerphilly,4,24.468570242399203,0.19780425334455676
S12000020,Moray,S12000034,Aberdeenshire,1,49.64958477054236,0.37219746726524916
S12000020,Moray,S12000033,Aberdeen City,2,74.97555480170871,0.24647299711540116
S12000020,Moray,S12000041,Angus,3,88.12451906749513,0.20969702754591632
S12000020,Moray,S12000048,Perth and Kinross,4,107.66870396405717,0.1716325080734334
S12000013,Na h-Eileanan Siar,S12000017,Highland,1,104.56274624655498,0.40692596564270145
S12000013,Na h-Eileanan Siar,S12000035,Argyll and Bute,2,188.43019726521294,0.22580932941838716
S12000013,Na h-Eileanan Siar,S12000020,Moray,3,228.12700600384238,0.1865158239350035
S12000013,Na h-Eileanan Siar,S12000030,Stirling,4,235.40558730049443,0.180748881003908
W06000012,Neath Port Talbot,W06000013,Bridgend,1,17.804484740111572,0.32554950494138657
W06000012,Neath Port Talbot,W06000011,Swansea,2,23.238747839176543,0.24942140742662242
W06000012,Neath Port Talbot,W06000016,Rhondda Cynon Taf,3,25.19434143639963,0.23006123051526367
W06000012,Neath Port Talbot,W06000024,Merthyr Tydfil,4,29.729214233552256,0.19496785711672737
E08000021,Newcastle upon Tyne,E08000037,Gateshead,1,8.035047652199149,0.33547388307092735
E08000021,Newcastle upon Tyne,E08000022,North Tyneside,2,8.949623133436123,0.30119130117027126
E08000021,Newcastle upon Tyne,E08000023,South Tyneside,3,12.667866169070626,0.21278632096102612
E08000021,Newcastle upon Tyne,E08000024,Sunderland,4,17.904852786233363,0.15054849479777532
E09000025,Newham,E09000030,Tower Hamlets,1,4.488712391872564,0.32921749186077137
E09000025,Newham,E09000011,Greenwich,2,5.871026101308658,0.2517043204776852
E09000025,Newham,E09000026,Redbridge,3,6.990040158258104,0.21140974899705056
E09000025,Newham,E09000002,Barking and Dagenham,4,7.1159712320277455,0.20766843866449283
W06000022,Newport,W06000020,Torfaen,1,12.326441192184754,0.32925262529258337
W06000022,Newport,W06000018,Caerphilly,2,16.78446175290698,0.2418018035245341
W06000022,Newport,W06000015,Cardiff,3,17.556792633915364,0.23116483788738448
W06000022,Newport,W06000021,Monmouthshire,4,20.520265323204015,0.19778073329549808
N09000010,"Newry, Mourne and Down",N09000002,"Armagh City, Banbridge and Craigavon",1,26.182397079419,0.32347635509902345
N09000010,"Newry, Mourne and Down",N09000007,Lisburn and Castlereagh,2,31.229284822424177,0.2712001386891939
N09000010,"Newry, Mourne and Down",N09000003,Belfast,3,40.36468765441833,0.2098216750124837
N09000010,"Newry, Mourne and Down",N09000011,Ards and North Down,4,43.32126365799558,0.19550183119929895
E10000020,Norfolk,E10000029,Suffolk,1,63.0414829407514,0.3048900416589741
E10000020,Norfolk,E10000003,Cambridgeshire,2,75.91943279161433,0.2531726022348816
E10000020,Norfolk,E06000031,Peterborough,3,86.57406698387672,0.22201475603114273
E10000020,Norfolk,E10000019,Lincolnshire,4,87.39765878310936,0.21992260007500147
S12000021,North Ayrshire,S12000018,Inverclyde,1,28.842658490475817,0.2843940210726535
S12000021,North Ayrshire,S12000038,Renfrewshire,2,30.24416309573541,0.2712152953469673
S12000021,North Ayrshire,S12000011,East Renfrewshire,3,35.20151409857421,0.23302064801990904
S12000021,North Ayrshire,S12000008,East Ayrshire,4,38.80720180976195,0.2113700355604702
E06000012,North East Lincolnshire,E06000010,"Kingston upon Hull, City of",1,27.296416240767375,0.3168134642035342
E06000012,North East Lincolnshire,E06000013,North Lincolnshire,2,31.9649821504877,0.2705420622125134
E06000012,North East Lincolnshire,E10000019,Lincolnshire,3,41.40335449553136,0.2088688777744442
E06000012,North East Lincolnshire,E06000011,East Riding of Yorkshire,4,42.4382132473962,0.2037755958095082
S12000050,North Lanarkshire,S12000045,East Dunbartonshire,1,17.30333342871467,0.2756881785946937
S12000050,North Lanarkshire,S12000014,Falkirk,2,17.78669301907705,0.26819625612600556
S12000050,North Lanarkshire,S12000049,Glasgow City,3,18.305101903408783,0.2606008151033943
S12000050,North Lanarkshire,S12000040,West Lothian,4,24.398795857024155,0.1955147501759066
E06000013,North Lincolnshire,E06000011,East Riding of Yorkshire,1,25.089083627659917,0.28983015399896944
E06000013,North Lincolnshire,E06000010,"Kingston upon Hull, City of",2,25.92885550595838,0.2804432679192766
E06000013,North Lincolnshire,E06000012,North East Lincolnshire,3,31.9649821504877,0.22748559461925905
E06000013,North Lincolnshire,E08000017,Doncaster,4,35.954992143549326,0.20224098346249497
E06000061,North Northamptonshire,E06000017,Rutland,1,23.751280419561688,0.30893391455003566
E06000061,North Northamptonshire,E06000031,Peterborough,2,26.801265548753346,0.273777222282405
E06000061,North Northamptonshire,E06000055,Bedford,3,30.710443635652982,0.23892771210482677
E06000061,North Northamptonshire,E06000016,Leicester,4,41.138869041106695,0.17836115106273262
E06000024,North Somerset,E06000023,"Bristol, City of",1,14.609230900660748,0.35460632729364816
E06000024,North Somerset,E06000022,Bath and North East Somerset,2,19.952148923867547,0.2596475063430904
E06000024,North Somerset,W06000022,Newport,3,25.283689446812897,0.20489595575701108
E06000024,North Somerset,E06000025,South Gloucestershire,4,28.64539497577527,0.18085021060625034
E08000022,North Tyneside,E08000023,South Tyneside,1,7.435273619444447,0.3570803958017015
E08000022,North Tyneside,E08000021,Newcastle upon Tyne,2,8.949623133436123,0.2966594690458004
E08000022,North Tyneside,E08000037,Gateshead,3,14.982671778716567,0.177204071886343
E08000022,North Tyneside,E08000024,Sunderland,4,15.70479281033096,0.16905606326615533
E06000065,North Yorkshire,E06000014,York,1,23.100112770717264,0.37598355934838085
E06000065,North Yorkshire,E08000035,Leeds,2,33.85457002224752,0.2565462392573808
E06000065,North Yorkshire,E08000032,Bradford,3,45.80308848562524,0.1896217680519302
E06000065,North Yorkshire,E06000002,Middlesbrough,4,48.83519330286472,0.17784843334230807
E06000057,Northumberland,E08000021,Newcastle upon Tyne,1,41.29682866844527,0.2757710126271316
E06000057,Northumberland,E08000022,North Tyneside,2,43.62993621109243,0.2610241785613915
E06000057,Northumberland,E08000037,Gateshead,3,47.49871301793378,0.2397637227746874
E06000057,Northumberland,E08000023,South Tyneside,4,50.96855042277769,0.22344108603678947
E06000018,Nottingham,E10000024,Nottinghamshire,1,17.211521103775834,0.3357333890222537
E06000018,Nottingham,E06000015,Derby,2,20.111621442346003,0.28732055876070856
E06000018,Nottingham,E10000007,Derbyshire,3,30.05978049008559,0.19223301754663769
E06000018,Nottingham,E10000018,Leicestershire,4,31.283565454434562,0.18471303467040004
E10000024,Nottinghamshire,E06000018,Nottingham,1,17.211521103775834,0.40830419724754874
E10000024,Nottinghamshire,E06000015,Derby,2,34.33993603375879,0.20464616768003963
E10000024,Nottinghamshire,E10000007,Derbyshire,3,35.67778344763261,0.196972334842532
E10000024,Nottinghamshire,E08000018,Rotherham,4,36.97199139080432,0.1900773002298796
E08000004,Oldham,E08000008,Tameside,1,7.6097296049238965,0.36557631842702654
E08000004,Oldham,E08000005,Rochdale,2,10.218912355545694,0.272234151385348
E08000004,Oldham,E08000003,Manchester,3,14.693717374624512,0.18932832735693747
E08000004,Oldham,E08000002,Bury,4,16.093472032113798,0.1728612028306881
S12000023,Orkney Islands,S12000027,Shetland Islands,1,170.1461489074824,0.277931396624919
S12000023,Orkney Islands,S12000020,Moray,2,180.02869400222525,0.26267455339993473
S12000023,Orkney Islands,S12000034,Aberdeenshire,3,199.09816844909616,0.23751578010271093
S12000023,Orkney Islands,S12000017,Highland,4,213.13018540930523,0.22187826987243545
E10000025,Oxfordshire,E06000060,Buckinghamshire,1,33.04337279066694,0.28498627416189365
E10000025,Oxfordshire,E06000037,West Berkshire,2,36.98241677825212,0.25463202564123316
E10000025,Oxfordshire,E06000030,Swindon,3,40.23747014969811,0.2340332943974938
E10000025,Oxfordshire,E06000038,Reading,4,41.60359629703426,0.22634840579937937
W06000009,Pembrokeshire,W06000010,Carmarthenshire,1,51.80069459439703,0.32247031880375737
W06000009,Pembrokeshire,W06000011,Swansea,2,64.38220636723165,0.25945346459286833
W06000009,Pembrokeshire,W06000008,Ceredigion,3,74.90832827557466,0.22299505121325752
W06000009,Pembrokeshire,W06000012,Neath Port Talbot,4,85.62685416968269,0.19508116539011677
S12000048,Perth and Kinross,S12000005,Clackmannanshire,1,42.65388541377434,0.277502758310382
S12000048,Perth and Kinross,S12000042,Dundee City,2,47.34538585628577,0.2500047394461329
S12000048,Perth and Kinross,S12000030,Stirling,3,47.500911679607526,0.24918618267402376
S12000048,Perth and Kinross,S12000047,Fife,4,53.0059824450937,0.22330631956946131
E06000031,Peterborough,E06000017,Rutland,1,25.067996436338277,0.3157661210970398
E06000031,Peterborough,E06000061,North Northamptonshire,2,26.801265548753346,0.29534515763734703
E06000031,Peterborough,E10000003,Cambridgeshire,3,36.01297034101444,0.21979925353066507
E06000031,Peterborough,E06000055,Bedford,4,46.81322914082907,0.16908946773494818
E06000026,Plymouth,E10000008,Devon,1,35.411477806538215,0.3598027034347669
E06000026,Plymouth,E06000027,Torbay,2,42.52113456119269,0.29964265015263786
E06000026,Plymouth,E06000052,Cornwall,3,54.71522944108256,0.23286287159103267
E06000026,Plymouth,E06000066,Somerset,4,118.31122171144311,0.1076917748215626
E06000044,Portsmouth,E10000014,Hampshire,1,19.82195947859843,0.3141288284894273
E06000044,Portsmouth,E06000046,Isle of Wight,2,21.99914185508132,0.2830405363261388
E06000044,Portsmouth,E06000045,Southampton,3,24.73275826101183,0.25175715719473857
E06000044,Portsmouth,E10000032,West Sussex,4,41.21602939333759,0.15107347798969537
W06000023,Powys,E06000019,"Herefordshire, County of",1,51.93799171547814,0.2768381280999547
W06000023,Powys,W06000008,Ceredigion,2,55.22007974326039,0.26038383991176345
W06000023,Powys,E06000051,Shropshire,3,57.162102275107266,0.25153757177411196
W06000023,Powys,W06000019,Blaenau Gwent,4,68.06658340549966,0.21124046021416984
E06000038,Reading,E06000041,Wokingham,1,6.76811589299357,0.49839650787651846
E06000038,Reading,E06000036,Bracknell Forest,2,17.929269226433313,0.1881395880317535
E06000038,Reading,E06000040,Windsor and Maidenhead,3,21.491289684661954,0.15695685905620504
E06000038,Reading,E06000037,West Berkshire,4,21.553057405217313,0.15650704503552304
E09000026,Redbridge,E09000002,Barking and Dagenham,1,5.166893592890098,0.3207266213900849
E09000026,Redbridge,E09000031,Waltham Forest,2,5.87741423577463,0.28195397817001205
E09000026,Redbridge,E09000025,Newham,3,6.990040158258104,0.23707450710021058
E09000026,Redbridge,E09000016,Havering,4,10.341423621012465,0.16024489333969238
E06000003,Redcar and Cleveland,E06000002,Middlesbrough,1,12.715677198641561,0.3600193817296008
E06000003,Redcar and Cleveland,E06000001,Hartlepool,2,17.729275829848163,0.25821078577958606
E06000003,Redcar and Cleveland,E06000004,Stockton-on-Tees,3,18.591407858358778,0.24623687878860004
E06000003,Redcar and Cleveland,E06000005,Darlington,4,33.77695326692615,0.13553295370221308
S12000038,Renfrewshire,S12000011,East Renfrewshire,1,13.902715319311959,0.2741515482808525
S12000038,Renfrewshire,S12000039,West Dunbartonshire,2,14.974292165209597,0.25453296142789333
S12000038,Renfrewshire,S12000018,Inverclyde,3,15.209949065850429,0.25058932897118097
S12000038,Renfrewshire,S12000049,Glasgow City,4,17.267780616953445,0.22072616132007325
W06000016,Rhondda Cynon Taf,W06000024,Merthyr Tydfil,1,11.973518759330998,0.33153210270528366
W06000016,Rhondda Cynon Taf,W06000018,Caerphilly,2,16.09004328168751,0.24671194362665733
W06000016,Rhondda Cynon Taf,W06000013,Bridgend,3,17.30217980862963,0.22942807755831351
W06000016,Rhondda Cynon Taf,W06000019,Blaenau Gwent,4,20.639784161070033,0.19232787610974553
E09000027,Richmond upon Thames,E09000018,Hounslow,1,4.069548919690373,0.3800959923525376
E09000027,Richmond upon Thames,E09000021,Kingston upon Thames,2,6.130032948754683,0.2523345711169703
E09000027,Richmond upon Thames,E09000013,Hammersmith and Fulham,3,8.384395719012812,0.1844878613671915
E09000027,Richmond upon Thames,E09000009,Ealing,4,8.448797939810252,0.1830815751633006
E08000005,Rochdale,E08000002,Bury,1,8.87890145210234,0.34490949878602556
E08000005,Rochdale,E08000004,Oldham,2,10.218912355545694,0.29968134993869405
E08000005,Rochdale,E08000008,Tameside,3,16.61223154338846,0.18434714454927947
E08000005,Rochdale,E08000003,Manchester,4,17.902382347942225,0.17106200672600091
E08000018,Rotherham,E08000017,Doncaster,1,15.528613890825515,0.3262512431328111
E08000018,Rotherham,E08000039,Sheffield,2,18.325596348597678,0.2764564650251583
E08000018,Rotherham,E08000038,Barnsley,3,22.766825694745346,0.22252683153719424
E08000018,Rotherham,E08000036,Wakefield,4,28.988734828806795,0.17476546030483645
E06000017,Rutland,E06000061,North Northamptonshire,1,23.751280419561688,0.2874767011869417
E06000017,Rutland,E06000031,Peterborough,2,25.067996436338277,0.27237676378810605
E06000017,Rutland,E10000018,Leicestershire,3,29.85572261699671,0.22869785573685905
E06000017,Rutland,E06000016,Leicester,4,32.29123855003468,0.21144867928809322
E08000006,Salford,E08000009,Trafford,1,8.661865202038586,0.29424685360646446
E08000006,Salford,E08000003,Manchester,2,9.74722794190554,0.26148219752875823
E08000006,Salford,E08000002,Bury,3,11.311262080668158,0.22532645463313522
E08000006,Salford,E08000001,Bolton,4,11.64097133845548,0.21894449423164206
E08000028,Sandwell,E08000027,Dudley,1,6.756951952317466,0.33499892193143493
E08000028,Sandwell,E08000025,Birmingham,2,9.592410361075165,0.2359752694436587
E08000028,Sandwell,E08000030,Walsall,3,9.78099627507468,0.23142546586355517
E08000028,Sandwell,E08000031,Wolverhampton,4,11.455302090759279,0.1976003427613511
S12000026,Scottish Borders,S12000019,Midlothian,1,32.54886447703309,0.3335916888182378
S12000026,Scottish Borders,S12000010,East Lothian,2,40.15597429903127,0.2703963945477313
S12000026,Scottish Borders,S12000036,City of Edinburgh,3,50.69956899707352,0.21416416125028923
S12000026,Scottish Borders,E06000057,Northumberland,4,59.70945666662975,0.1818477553837418
E08000014,Sefton,E08000011,Knowsley,1,18.437137905873204,0.28673186767448333
E08000014,Sefton,E08000012,Liverpool,2,19.598877754600654,0.2697355967273216
E08000014,Sefton,E08000013,St. Helens,3,22.923803256358145,0.23061247416947572
E08000014,Sefton,E08000015,Wirral,4,24.828637333888974,0.21292006142871941
E08000039,Sheffield,E08000038,Barnsley,1,15.014427722164996,0.3536331503151377
E08000039,Sheffield,E08000018,Rotherham,2,18.325596348597678,0.2897367853447481
E08000039,Sheffield,E08000036,Wakefield,3,29.756078538646577,0.1784374701347877
E08000039,Sheffield,E08000034,Kirklees,4,29.79696995403771,0.1781925942053264
S12000027,Shetland Islands,S12000023,Orkney Islands,1,170.1461489074824,0.4060633461630398
S12000027,Shetland Islands,S12000020,Moray,2,341.1314765424741,0.2025322179658926
S12000027,Shetland Islands,S12000034,Aberdeenshire,3,347.0942160259852,0.19905291235666894
S12000027,Shetland Islands,S12000033,Aberdeen City,4,359.1867290666681,0.19235152351439866
E06000051,Shropshire,E06000020,Telford and Wrekin,1,16.658780067899865,0.45904416449437896
E06000051,Shropshire,E08000031,Wolverhampton,2,40.33288918644203,0.18959999970285535
E06000051,Shropshire,W06000006,Wrexham,3,41.09543871978637,0.1860818625129514
E06000051,Shropshire,E08000027,Dudley,4,46.26932859147279,0.16527397328981414
E06000039,Slough,E06000040,Windsor and Maidenhead,1,7.432397519822261,0.37890175149888194
E06000039,Slough,E09000017,Hillingdon,2,10.402001977765005,0.2707313884496765
E06000039,Slough,E06000036,Bracknell Forest,3,15.582595559055077,0.18072396395221407
E06000039,Slough,E09000018,Hounslow,4,16.600450138798507,0.16964289609922742
E08000029,Solihull,E10000031,Warwickshire,1,12.449528393638845,0.28814533496055594
E08000029,Solihull,E08000025,Birmingham,2,12.68194621205987,0.282864591057381
E08000029,Solihull,E08000026,Coventry,3,13.446133579319108,0.2667884792252429
E08000029,Solihull,E08000028,Sandwell,4,22.11614216533578,0.16220159475682014
E06000066,Somerset,E06000024,North Somerset,1,30.958871329206207,0.31450108253592446
E06000066,Somerset,E06000022,Bath and North East Somerset,2,39.32287974496983,0.2476064471949374
E06000066,Somerset,E06000023,"Bristol, City of",3,43.923940689245256,0.22166951312521338
E06000066,Somerset,W06000015,Cardiff,4,45.03036437821338,0.21622295714392475
S12000028,South Ayrshire,S12000008,East Ayrshire,1,26.078572884326967,0.383314746242465
S12000028,South Ayrshire,S12000021,North Ayrshire,2,41.11468993833132,0.2431321156140313
S12000028,South Ayrshire,S12000011,East Renfrewshire,3,53.44286378895301,0.18704651732356678
S12000028,South Ayrshire,S12000006,Dumfries and Galloway,4,53.59756937086091,0.18650662081993685
E06000025,South Gloucestershire,E06000023,"Bristol, City of",1,14.067643909294418,0.3873475564615799
E06000025,South Gloucestershire,E06000022,Bath and North East Somerset,2,20.393418706882457,0.26719735282039037
E06000025,South Gloucestershire,E06000024,North Somerset,3,28.64539497577527,0.1902249034459105
E06000025,South Gloucestershire,E10000013,Gloucestershire,4,35.10314320425694,0.15523018727211915
S12000029,South Lanarkshire,S12000050,North Lanarkshire,1,33.20543935790995,0.2665523111207592
S12000029,South Lanarkshire,S12000008,East Ayrshire,2,35.38689229287656,0.25012048329581166
S12000029,South Lanarkshire,S12000011,East Renfrewshire,3,36.25400590137135,0.2441381685298484
S12000029,South Lanarkshire,S12000040,West Lothian,4,37.00414831574581,0.23918903705358066
E08000023,South Tyneside,E08000022,North Tyneside,1,7.435273619444447,0.33838394728947374
E08000023,South Tyneside,E08000024,Sunderland,2,8.578659882003665,0.2932832483314705
E08000023,South Tyneside,E08000021,Newcastle upon Tyne,3,12.667866169070626,0.19861097385665613
E08000023,South Tyneside,E08000037,Gateshead,4,14.824122676386345,0.1697218305223996
E06000045,Southampton,E10000014,Hampshire,1,8.434193640172872,0.5233707541477394
E06000045,Southampton,E06000046,Isle of Wight,2,23.997784043407574,0.18394241227026834
E06000045,Southampton,E06000044,Portsmouth,3,24.73275826101183,0.17847626372687295
E06000045,Southampton,E06000058,"Bournemouth, Christchurch and Poole",4,38.64975274779683,0.11421056985511939
E06000033,Southend-on-Sea,E06000035,Medway,1,17.5235363607063,0.3150317810378687
E06000033,Southend-on-Sea,E06000034,Thurrock,2,20.94605676628047,0.26355656968724356
E06000033,Southend-on-Sea,E10000012,Essex,3,24.12683313402491,0.22881042195338533
E06000033,Southend-on-Sea,E10000016,Kent,4,28.662698294128887,0.19260122732150242
E09000028,Southwark,E09000022,Lambeth,1,3.8543440547793852,0.28089679620423974
E09000028,Southwark,E09000001,City of London,2,4.048824583672038,0.26740424883373676
E09000028,Southwark,E09000023,Lewisham,3,4.74794962122868,0.22802956703997476
E09000028,Southwark,E09000030,Tower Hamlets,4,4.840505473344934,0.22366938792204874
E08000013,St. Helens,E08000011,Knowsley,1,9.314144725281704,0.283860944388084
E08000013,St. Helens,E06000007,Warrington,2,10.473056110304103,0.2524498952396985
E08000013,St. Helens,E08000010,Wigan,3,11.060518393155812,0.23904141052934733
E08000013,St. Helens,E06000006,Halton,4,11.769189407572734,0.2246477498428701
E10000028,Staffordshire,E06000021,Stoke-on-Trent,1,22.131181774591038,0.2951220626803971
E10000028,Staffordshire,E08000030,Walsall,2,25.323879862961473,0.25791466592861617
E10000028,Staffordshire,E08000031,Wolverhampton,3,26.952855140451078,0.24232683256883375
E10000028,Staffordshire,E06000020,Telford and Wrekin,4,31.91709185551492,0.20463643882215307
S12000030,Stirling,S12000045,East Dunbartonshire,1,30.621487475014284,0.2762474049704301
S12000030,Stirling,S12000039,West Dunbartonshire,2,30.660103871446257,0.2758994714034608
S12000030,Stirling,S12000005,Clackmannanshire,3,34.858190007257214,0.24267199328324568
S12000030,Stirling,S12000049,Glasgow City,4,41.22750682371141,0.20518113034286348
E08000007,Stockport,E08000003,Manchester,1,9.510826313104937,0.31088627070036057
E08000007,Stockport,E08000008,Tameside,2,9.714448095819668,0.30436987202931487
E08000007,Stockport,E08000009,Trafford,3,14.038426942661964,0.21062084347745222
E08000007,Stockport,E08000004,Oldham,4,16.981013935798813,0.17412301379287232
E06000004,Stockton-on-Tees,E06000002,Middlesbrough,1,6.338492218699163,0.43585911550879614
E06000004,Stockton-on-Tees,E06000001,Hartlepool,2,11.717895546635852,0.23576670410710038
E06000004,Stockton-on-Tees,E06000005,Darlington,3,15.367584488545111,0.1797738359051088
E06000004,Stockton-on-Tees,E06000003,Redcar and Cleveland,4,18.591407858358778,0.14860034447899473
E06000021,Stoke-on-Trent,E10000028,Staffordshire,1,22.131181774591038,0.32296357541790466
E06000021,Stoke-on-Trent,E06000049,Cheshire East,2,24.034737989178346,0.29738479351693725
E06000021,Stoke-on-Trent,E06000020,Telford and Wrekin,3,36.92494244573155,0.19357012146058833
E06000021,Stoke-on-Trent,E10000007,Derbyshire,4,38.41093942828784,0.18608150960456973
E10000029,Suffolk,E10000012,Essex,1,56.77950253159394,0.30122552168674405
E10000029,Suffolk,E10000020,Norfolk,2,63.0414829407514,0.2713044565792908
E10000029,Suffolk,E10000003,Cambridgeshire,3,79.88165881490957,0.21410966578476845
E10000029,Suffolk,E06000033,Southend-on-Sea,4,80.16219880728774,0.21336035594919678
E08000024,Sunderland,E08000023,South Tyneside,1,8.578659882003665,0.3897482745707004
E08000024,Sunderland,E08000022,North Tyneside,2,15.70479281033096,0.21289793042926208
E08000024,Sunderland,E08000037,Gateshead,3,15.874968950166444,0.21061571191953488
E08000024,Sunderland,E08000021,Newcastle upon Tyne,4,17.904852786233363,0.18673808308050274
E10000030,Surrey,E09000021,Kingston upon Thames,1,16.263595689245495,0.29473190317092085
E10000030,Surrey,E09000029,Sutton,2,18.354520503853443,0.26115640062007384
E10000030,Surrey,E09000027,Richmond upon Thames,3,21.256792403681324,0.22549970940411368
E10000030,Surrey,E09000024,Merton,4,21.92652187078724,0.2186119868048917
E09000029,Sutton,E09000024,Merton,1,5.732544381505133,0.32022557780800404
E09000029,Sutton,E09000008,Croydon,2,6.462910648661515,0.28403724523991186
E09000029,Sutton,E09000021,Kingston upon Thames,3,8.325228188827932,0.22049934190884304
E09000029,Sutton,E09000032,Wandsworth,4,10.47551937870343,0.17523783504324122
W06000011,Swansea,W06000010,Carmarthenshire,1,23.158627031269123,0.31956449307543644
W06000011,Swansea,W06000012,Neath Port Talbot,2,23.238747839176543,0.31846272263836645
W06000011,Swansea,W06000013,Bridgend,3,35.656408837126335,0.2075552516064055
W06000011,Swansea,W06000016,Rhondda Cynon Taf,4,47.926390087562446,0.15441753267979166
E06000030,Swindon,E06000054,Wiltshire,1,29.74581830423668,0.30237883209765226
E06000030,Swindon,E06000037,West Berkshire,2,35.21065905580727,0.2554483795480277
E06000030,Swindon,E10000025,Oxfordshire,3,40.23747014969811,0.22353556933776403
E06000030,Swindon,E10000013,Gloucestershire,4,41.1389508112201,0.218637219016556
E08000008,Tameside,E08000004,Oldham,1,7.6097296049238965,0.34093446815284495
E08000008,Tameside,E08000007,Stockport,2,9.714448095819668,0.2670680917795136
E08000008,Tameside,E08000003,Manchester,3,11.001589447870487,0.23582220804866288
E08000008,Tameside,E08000005,Rochdale,4,16.61223154338846,0.1561752320189786
E06000020,Telford and Wrekin,E06000051,Shropshire,1,16.658780067899865,0.3952340735665743
E06000020,Telford and Wrekin,E08000031,Wolverhampton,2,29.90511341375363,0.2201669465616413
E06000020,Telford and Wrekin,E10000028,Staffordshire,3,31.91709185551492,0.20628813980582178
E06000020,Telford and Wrekin,E06000021,Stoke-on-Trent,4,36.92494244573155,0.1783108400659627
E06000034,Thurrock,E09000016,Havering,1,13.628493783433445,0.3086731508711276
E06000034,Thurrock,E06000035,Medway,2,16.443332599336273,0.25583318298443836
E06000034,Thurrock,E09000004,Bexley,3,19.144289804543067,0.21973915777025518
E06000034,Thurrock,E09000002,Barking and Dagenham,4,19.49785499019234,0.21575450837417878
E06000027,Torbay,E10000008,Devon,1,31.603722457454623,0.41079285161226936
E06000027,Torbay,E06000026,Plymouth,2,42.52113456119269,0.30532071648222614
E06000027,Torbay,E06000066,Somerset,3,87.34365058697266,0.14863797405551607
E06000027,Torbay,E06000059,Dorset,4,95.99061960662215,0.13524845784998837
W06000020,Torfaen,W06000018,Caerphilly,1,10.626204234024419,0.2891337039866268
W06000020,Torfaen,W06000022,Newport,2,12.326441192184754,0.24925229769074184
W06000020,Torfaen,W06000019,Blaenau Gwent,3,12.634542335761193,0.24317412596779706
W06000020,Torfaen,W06000021,Monmouthshire,4,14.065169313553955,0.2184398723548342
E09000030,Tower Hamlets,E09000001,City of London,1,4.320243014423553,0.2622138866668848
E09000030,Tower Hamlets,E09000025,Newham,2,4.488712391872564,0.2523725320892913
E09000030,Tower Hamlets,E09000012,Hackney,3,4.506386740753158,0.2513827102127784
E09000030,Tower Hamlets,E09000028,Southwark,4,4.840505473344934,0.2340308710310455
E08000009,Trafford,E08000003,Manchester,1,8.144090713517272,0.33089045523050176
E08000009,Trafford,E08000006,Salford,2,8.661865202038586,0.31111103910968346
E08000009,Trafford,E08000007,Stockport,3,14.038426942661964,0.19195896339673826
E08000009,Trafford,E06000007,Warrington,4,16.229880225546108,0.1660395422630765
W06000014,Vale of Glamorgan,W06000015,Cardiff,1,13.680603367554395,0.3657885513188918
W06000014,Vale of Glamorgan,W06000013,Bridgend,2,21.47243137948831,0.23305269899553063
W06000014,Vale of Glamorgan,W06000016,Rhondda Cynon Taf,3,22.937653736701485,0.2181656478220818
W06000014,Vale of Glamorgan,W06000018,Caerphilly,4,27.34643019887699,0.1829931018634958
E08000036,Wakefield,E08000038,Barnsley,1,15.86793763714118,0.31585070517836417
E08000036,Wakefield,E08000034,Kirklees,2,21.039580257107485,0.2382128935639889
E08000036,Wakefield,E08000035,Leeds,3,21.915382778544345,0.2286932125741427
E08000036,Wakefield,E08000017,Doncaster,4,23.070455385917974,0.21724318868350434
E08000030,Walsall,E08000031,Wolverhampton,1,9.71597174308779,0.3042117949783627
E08000030,Walsall,E08000028,Sandwell,2,9.78099627507468,0.30218938038612236
E08000030,Walsall,E08000025,Birmingham,3,14.936408045330898,0.1978864794636981
E08000030,Walsall,E08000027,Dudley,4,15.102333995992701,0.19571234517181688
E09000031,Waltham Forest,E09000026,Redbridge,1,5.87741423577463,0.29955946425141255
E09000031,Waltham Forest,E09000012,Hackney,2,7.123183246908684,0.2471696990831105
E09000031,Waltham Forest,E09000014,Haringey,3,7.5676820586164,0.23265182733828677
E09000031,Waltham Forest,E09000010,Enfield,4,7.980432262032124,0.22061900932719003
E09000032,Wandsworth,E09000022,Lambeth,1,4.256009408253439,0.28746144138535296
E09000032,Wandsworth,E09000024,Merton,2,4.792353334336302,0.255289732140669
E09000032,Wandsworth,E09000013,Hammersmith and Fulham,3,5.02281180899013,0.24357643598280407
E09000032,Wandsworth,E09000020,Kensington and Chelsea,4,5.725768295257092,0.21367239049117392
E06000007,Warrington,E08000013,St. Helens,1,10.473056110304103,0.2957441336028715
E06000007,Warrington,E06000006,Halton,2,10.483249504267524,0.2954565666166085
E06000007,Warrington,E08000010,Wigan,3,14.210796107583356,0.2179571701731263
E06000007,Warrington,E08000009,Trafford,4,16.229880225546108,0.1908421296073937
E10000031,Warwickshire,E08000026,Coventry,1,11.351284592744186,0.3702119413253422
E10000031,Warwickshire,E08000029,Solihull,2,12.449528393638845,0.33755343758752354
E10000031,Warwickshire,E08000025,Birmingham,3,24.908444082088998,0.16871311157641086
E10000031,Warwickshire,E08000028,Sandwell,4,34.02145199052516,0.12352150951072337
E06000037,West Berkshire,E06000038,Reading,1,21.553057405217313,0.3381466015106314
E06000037,West Berkshire,E06000041,Wokingham,2,28.27046560343918,0.25779883557528555
E06000037,West Berkshire,E06000030,Swindon,3,35.21065905580727,0.20698542172091955
E06000037,West Berkshire,E10000025,Oxfordshire,4,36.98241677825212,0.19706914119316338
S12000039,West Dunbartonshire,S12000038,Renfrewshire,1,14.974292165209597,0.2886404756578505
S12000039,West Dunbartonshire,S12000018,Inverclyde,2,16.309496287457044,0.26501044158731846
S12000039,West Dunbartonshire,S12000045,East Dunbartonshire,3,17.86742475223593,0.24190317704653233
S12000039,West Dunbartonshire,S12000049,Glasgow City,4,21.140980046685673,0.20444590570829863
S12000040,West Lothian,S12000014,Falkirk,1,16.10576807186135,0.32421047993980096
S12000040,West Lothian,S12000036,City of Edinburgh,2,18.69868945900322,0.2792526614138253
S12000040,West Lothian,S12000050,North Lanarkshire,3,24.398795857024155,0.21401297125382646
S12000040,West Lothian,S12000005,Clackmannanshire,4,28.608084514150562,0.18252388739254718
E06000062,West Northamptonshire,E06000042,Milton Keynes,1,24.69680999746252,0.3547696954628778
E06000062,West Northamptonshire,E06000055,Bedford,2,40.64431495819437,0.21556962568360072
E06000062,West Northamptonshire,E10000031,Warwickshire,3,40.781187600718276,0.2148461159956513
E06000062,West Northamptonshire,E08000026,Coventry,4,40.78717776457925,0.21481456285787018
E10000032,West Sussex,E06000043,Brighton and Hove,1,27.048260636764493,0.354851698504802
E10000032,West Sussex,E10000030,Surrey,2,40.639764328391806,0.23617561241247176
E10000032,West Sussex,E06000044,Portsmouth,3,41.21602939333759,0.23287350503753176
E10000032,West Sussex,E10000011,East Sussex,4,54.50406417609055,0.17609918404519445
E09000033,Westminster,E09000020,Kensington and Chelsea,1,2.4216317326334376,0.354197251662845
E09000033,Westminster,E09000007,Camden,2,3.1263406289927658,0.2743575975963436
E09000033,Westminster,E09000013,Hammersmith and Fulham,3,4.323423431046338,0.19839262055132806
E09000033,Westminster,E09000001,City of London,4,4.95650253306971,0.1730525301894834
E06000064,Westmorland and Furness,E06000063,Cumberland,1,47.36579863564263,0.302312521192554
E06000064,Westmorland and Furness,E10000017,Lancashire,2,54.138567708494364,0.26449303352355324
E06000064,Westmorland and Furness,E06000009,Blackpool,3,58.08352167105703,0.24652902564920132
E06000064,Westmorland and Furness,E06000008,Blackburn with Darwen,4,76.71090891855118,0.18666541963469155
E08000010,Wigan,E08000001,Bolton,1,10.194736851035914,0.29992766399996185
E08000010,Wigan,E08000013,St. Helens,2,11.060518393155812,0.2764502982715174
E08000010,Wigan,E06000007,Warrington,3,14.210796107583356,0.21516624302236284
E08000010,Wigan,E08000006,Salford,4,14.668259105656807,0.20845579470615802
E06000054,Wiltshire,E06000030,Swindon,1,29.74581830423668,0.3249306930332349
E06000054,Wiltshire,E06000022,Bath and North East Somerset,2,40.87346366601752,0.23646954501857229
E06000054,Wiltshire,E06000025,South Gloucestershire,3,43.488958625684916,0.2222478914619926
E06000054,Wiltshire,E06000037,West Berkshire,4,44.674119686211824,0.21635187048620022
E06000040,Windsor and Maidenhead,E06000039,Slough,1,7.432397519822261,0.36509409175999313
E06000040,Windsor and Maidenhead,E06000036,Bracknell Forest,2,8.96479494924752,0.3026867248454467
E06000040,Windsor and Maidenhead,E06000041,Wokingham,3,15.076884235658042,0.17997912431276952
E06000040,Windsor and Maidenhead,E09000017,Hillingdon,4,17.823984294704577,0.1522400590817907
E08000015,Wirral,W06000005,Flintshire,1,13.67900040533861,0.30350821539898837
E08000015,Wirral,E08000012,Liverpool,2,13.679022302164984,0.30350772955529653
E08000015,Wirral,E08000011,Knowsley,3,18.582139291226895,0.22342362934640572
E08000015,Wirral,E06000006,Halton,4,24.48501166674809,0.16956042569930926
E06000041,Wokingham,E06000038,Reading,1,6.76811589299357,0.42541087151404144
E06000041,Wokingham,E06000036,Bracknell Forest,2,11.286160455487911,0.2551115671181513
E06000041,Wokingham,E06000040,Windsor and Maidenhead,3,15.076884235658042,0.19096983405475906
E06000041,Wokingham,E06000039,Slough,4,22.40511244535943,0.12850772731304808
E08000031,Wolverhampton,E08000030,Walsall,1,9.71597174308779,0.3190403016007065
E08000031,Wolverhampton,E08000028,Sandwell,2,11.455302090759279,0.2705984120453004
E08000031,Wolverhampton,E08000027,Dudley,3,11.94830119535262,0.25943324532732365
E08000031,Wolverhampton,E08000025,Birmingham,4,20.538175240152533,0.15092804102666957
E10000034,Worcestershire,E08000027,Dudley,1,28.979555559114047,0.28813051807587514
E10000034,Worcestershire,E08000028,Sandwell,2,33.81587446432624,0.2469223253612674
E10000034,Worcestershire,E08000025,Birmingham,3,34.819988210012845,0.23980175715438756
E10000034,Worcestershire,E08000029,Solihull,4,37.08667544970505,0.2251453994084699
W06000006,Wrexham,E06000050,Cheshire West and Chester,1,26.724141878317848,0.2880289190632283
W06000006,Wrexham,W06000005,Flintshire,2,28.384250938320907,0.27118297801236896
W06000006,Wrexham,W06000004,Denbighshire,3,31.09100597816643,0.24757403165113623
W06000006,Wrexham,E08000015,Wirral,4,39.838328789303176,0.19321407127326634
E06000014,York,E06000065,North Yorkshire,1,23.100112770717264,0.34529446210886455
E06000014,York,E08000035,Leeds,2,34.17442073859738,0.23340091335652888
E06000014,York,E06000011,East Riding of Yorkshire,3,34.23594248425766,0.23298149357175146
E06000014,York,E08000036,Wakefield,4,42.354547596132434,0.18832313096285513
