areacd,areanm,period,value
E12000001,North East,1991-06-30,301
E12000001,North East,1992-06-30,302
E12000001,North East,1993-06-30,302
E12000001,North East,1994-06-30,302
E12000001,North East,1995-06-30,301
E12000001,North East,1996-06-30,300
E12000001,North East,1997-06-30,299
E12000001,North East,1998-06-30,298
E12000001,North East,1999-06-30,297
E12000001,North East,2000-06-30,296
E12000001,North East,2001-06-30,296
E12000001,North East,2002-06-30,296
E12000001,North East,2003-06-30,296
E12000001,North East,2004-06-30,296
E12000001,North East,2005-06-30,297
E12000001,North East,2006-06-30,297
E12000001,North East,2007-06-30,299
E12000001,North East,2008-06-30,299
E12000001,North East,2009-06-30,300
E12000001,North East,2010-06-30,301
E12000001,North East,2011-06-30,303
E12000001,North East,2012-06-30,303
E12000001,North East,2013-06-30,303
E12000001,North East,2014-06-30,304
E12000001,North East,2015-06-30,304
E12000001,North East,2016-06-30,305
E12000001,North East,2017-06-30,306
E12000001,North East,2018-06-30,306
E12000001,North East,2019-06-30,307
E12000001,North East,2020-06-30,307
E12000001,North East,2021-06-30,309
E12000001,North East,2022-06-30,313
E12000001,North East,2023-06-30,318
E12000001,North East,2024-06-30,322
E12000002,North West,1991-06-30,485
E12000002,North West,1992-06-30,485
E12000002,North West,1993-06-30,485
E12000002,North West,1994-06-30,485
E12000002,North West,1995-06-30,484
E12000002,North West,1996-06-30,483
E12000002,North West,1997-06-30,482
E12000002,North West,1998-06-30,481
E12000002,North West,1999-06-30,480
E12000002,North West,2000-06-30,480
E12000002,North West,2001-06-30,480
E12000002,North West,2002-06-30,481
E12000002,North West,2003-06-30,483
E12000002,North West,2004-06-30,485
E12000002,North West,2005-06-30,487
E12000002,North West,2006-06-30,489
E12000002,North West,2007-06-30,491
E12000002,North West,2008-06-30,493
E12000002,North West,2009-06-30,495
E12000002,North West,2010-06-30,498
E12000002,North West,2011-06-30,500
E12000002,North West,2012-06-30,502
E12000002,North West,2013-06-30,504
E12000002,North West,2014-06-30,506
E12000002,North West,2015-06-30,509
E12000002,North West,2016-06-30,513
E12000002,North West,2017-06-30,516
E12000002,North West,2018-06-30,518
E12000002,North West,2019-06-30,522
E12000002,North West,2020-06-30,523
E12000002,North West,2021-06-30,526
E12000002,North West,2022-06-30,533
E12000002,North West,2023-06-30,541
E12000002,North West,2024-06-30,548
E12000003,Yorkshire and The Humber,1991-06-30,320
E12000003,Yorkshire and The Humber,1992-06-30,321
E12000003,Yorkshire and The Humber,1993-06-30,322
E12000003,Yorkshire and The Humber,1994-06-30,322
E12000003,Yorkshire and The Humber,1995-06-30,322
E12000003,Yorkshire and The Humber,1996-06-30,322
E12000003,Yorkshire and The Humber,1997-06-30,322
E12000003,Yorkshire and The Humber,1998-06-30,322
E12000003,Yorkshire and The Humber,1999-06-30,322
E12000003,Yorkshire and The Humber,2000-06-30,322
E12000003,Yorkshire and The Humber,2001-06-30,323
E12000003,Yorkshire and The Humber,2002-06-30,325
E12000003,Yorkshire and The Humber,2003-06-30,326
E12000003,Yorkshire and The Humber,2004-06-30,329
E12000003,Yorkshire and The Humber,2005-06-30,332
E12000003,Yorkshire and The Humber,2006-06-30,333
E12000003,Yorkshire and The Humber,2007-06-30,335
E12000003,Yorkshire and The Humber,2008-06-30,337
E12000003,Yorkshire and The Humber,2009-06-30,339
E12000003,Yorkshire and The Humber,2010-06-30,341
E12000003,Yorkshire and The Humber,2011-06-30,343
E12000003,Yorkshire and The Humber,2012-06-30,345
E12000003,Yorkshire and The Humber,2013-06-30,346
E12000003,Yorkshire and The Humber,2014-06-30,348
E12000003,Yorkshire and The Humber,2015-06-30,349
E12000003,Yorkshire and The Humber,2016-06-30,351
E12000003,Yorkshire and The Humber,2017-06-30,352
E12000003,Yorkshire and The Humber,2018-06-30,353
E12000003,Yorkshire and The Humber,2019-06-30,355
E12000003,Yorkshire and The Humber,2020-06-30,355
E12000003,Yorkshire and The Humber,2021-06-30,356
E12000003,Yorkshire and The Humber,2022-06-30,360
E12000003,Yorkshire and The Humber,2023-06-30,364
E12000003,Yorkshire and The Humber,2024-06-30,368
E12000004,East Midlands,1991-06-30,257
E12000004,East Midlands,1992-06-30,258
E12000004,East Midlands,1993-06-30,260
E12000004,East Midlands,1994-06-30,261
E12000004,East Midlands,1995-06-30,262
E12000004,East Midlands,1996-06-30,263
E12000004,East Midlands,1997-06-30,264
E12000004,East Midlands,1998-06-30,265
E12000004,East Midlands,1999-06-30,266
E12000004,East Midlands,2000-06-30,267
E12000004,East Midlands,2001-06-30,268
E12000004,East Midlands,2002-06-30,270
E12000004,East Midlands,2003-06-30,272
E12000004,East Midlands,2004-06-30,275
E12000004,East Midlands,2005-06-30,277
E12000004,East Midlands,2006-06-30,279
E12000004,East Midlands,2007-06-30,282
E12000004,East Midlands,2008-06-30,284
E12000004,East Midlands,2009-06-30,286
E12000004,East Midlands,2010-06-30,288
E12000004,East Midlands,2011-06-30,290
E12000004,East Midlands,2012-06-30,293
E12000004,East Midlands,2013-06-30,295
E12000004,East Midlands,2014-06-30,297
E12000004,East Midlands,2015-06-30,300
E12000004,East Midlands,2016-06-30,303
E12000004,East Midlands,2017-06-30,306
E12000004,East Midlands,2018-06-30,308
E12000004,East Midlands,2019-06-30,310
E12000004,East Midlands,2020-06-30,311
E12000004,East Midlands,2021-06-30,312
E12000004,East Midlands,2022-06-30,316
E12000004,East Midlands,2023-06-30,320
E12000004,East Midlands,2024-06-30,324
E12000005,West Midlands,1991-06-30,402
E12000005,West Midlands,1992-06-30,403
E12000005,West Midlands,1993-06-30,404
E12000005,West Midlands,1994-06-30,404
E12000005,West Midlands,1995-06-30,404
E12000005,West Midlands,1996-06-30,405
E12000005,West Midlands,1997-06-30,405
E12000005,West Midlands,1998-06-30,406
E12000005,West Midlands,1999-06-30,406
E12000005,West Midlands,2000-06-30,405
E12000005,West Midlands,2001-06-30,406
E12000005,West Midlands,2002-06-30,408
E12000005,West Midlands,2003-06-30,410
E12000005,West Midlands,2004-06-30,411
E12000005,West Midlands,2005-06-30,414
E12000005,West Midlands,2006-06-30,417
E12000005,West Midlands,2007-06-30,419
E12000005,West Midlands,2008-06-30,423
E12000005,West Midlands,2009-06-30,425
E12000005,West Midlands,2010-06-30,428
E12000005,West Midlands,2011-06-30,431
E12000005,West Midlands,2012-06-30,434
E12000005,West Midlands,2013-06-30,437
E12000005,West Midlands,2014-06-30,440
E12000005,West Midlands,2015-06-30,443
E12000005,West Midlands,2016-06-30,447
E12000005,West Midlands,2017-06-30,450
E12000005,West Midlands,2018-06-30,453
E12000005,West Midlands,2019-06-30,456
E12000005,West Midlands,2020-06-30,456
E12000005,West Midlands,2021-06-30,458
E12000005,West Midlands,2022-06-30,463
E12000005,West Midlands,2023-06-30,470
E12000005,West Midlands,2024-06-30,476
E12000006,East of England,1991-06-30,268
E12000006,East of England,1992-06-30,269
E12000006,East of England,1993-06-30,270
E12000006,East of England,1994-06-30,271
E12000006,East of England,1995-06-30,272
E12000006,East of England,1996-06-30,274
E12000006,East of England,1997-06-30,276
E12000006,East of England,1998-06-30,277
E12000006,East of England,1999-06-30,279
E12000006,East of England,2000-06-30,281
E12000006,East of England,2001-06-30,283
E12000006,East of England,2002-06-30,284
E12000006,East of England,2003-06-30,286
E12000006,East of England,2004-06-30,288
E12000006,East of England,2005-06-30,291
E12000006,East of England,2006-06-30,293
E12000006,East of England,2007-06-30,296
E12000006,East of England,2008-06-30,299
E12000006,East of England,2009-06-30,301
E12000006,East of England,2010-06-30,304
E12000006,East of England,2011-06-30,307
E12000006,East of England,2012-06-30,309
E12000006,East of England,2013-06-30,312
E12000006,East of England,2014-06-30,316
E12000006,East of England,2015-06-30,319
E12000006,East of England,2016-06-30,322
E12000006,East of England,2017-06-30,324
E12000006,East of England,2018-06-30,326
E12000006,East of England,2019-06-30,328
E12000006,East of England,2020-06-30,329
E12000006,East of England,2021-06-30,332
E12000006,East of England,2022-06-30,335
E12000006,East of England,2023-06-30,340
E12000006,East of England,2024-06-30,344
E12000007,London,1991-06-30,4344
E12000007,London,1992-06-30,4345
E12000007,London,1993-06-30,4354
E12000007,London,1994-06-30,4373
E12000007,London,1995-06-30,4398
E12000007,London,1996-06-30,4437
E12000007,London,1997-06-30,4462
E12000007,London,1998-06-30,4495
E12000007,London,1999-06-30,4551
E12000007,London,2000-06-30,4604
E12000007,London,2001-06-30,4658
E12000007,London,2002-06-30,4693
E12000007,London,2003-06-30,4704
E12000007,London,2004-06-30,4728
E12000007,London,2005-06-30,4783
E12000007,London,2006-06-30,4833
E12000007,London,2007-06-30,4894
E12000007,London,2008-06-30,4970
E12000007,London,2009-06-30,5053
E12000007,London,2010-06-30,5128
E12000007,London,2011-06-30,5219
E12000007,London,2012-06-30,5293
E12000007,London,2013-06-30,5368
E12000007,London,2014-06-30,5437
E12000007,London,2015-06-30,5509
E12000007,London,2016-06-30,5562
E12000007,London,2017-06-30,5583
E12000007,London,2018-06-30,5619
E12000007,London,2019-06-30,5655
E12000007,London,2020-06-30,5641
E12000007,London,2021-06-30,5601
E12000007,London,2022-06-30,5644
E12000007,London,2023-06-30,5725
E12000007,London,2024-06-30,5782
E12000008,South East,1991-06-30,400
E12000008,South East,1992-06-30,401
E12000008,South East,1993-06-30,402
E12000008,South East,1994-06-30,404
E12000008,South East,1995-06-30,407
E12000008,South East,1996-06-30,409
E12000008,South East,1997-06-30,412
E12000008,South East,1998-06-30,414
E12000008,South East,1999-06-30,417
E12000008,South East,2000-06-30,419
E12000008,South East,2001-06-30,421
E12000008,South East,2002-06-30,422
E12000008,South East,2003-06-30,424
E12000008,South East,2004-06-30,426
E12000008,South East,2005-06-30,430
E12000008,South East,2006-06-30,434
E12000008,South East,2007-06-30,438
E12000008,South East,2008-06-30,442
E12000008,South East,2009-06-30,445
E12000008,South East,2010-06-30,450
E12000008,South East,2011-06-30,454
E12000008,South East,2012-06-30,458
E12000008,South East,2013-06-30,462
E12000008,South East,2014-06-30,466
E12000008,South East,2015-06-30,470
E12000008,South East,2016-06-30,475
E12000008,South East,2017-06-30,477
E12000008,South East,2018-06-30,480
E12000008,South East,2019-06-30,482
E12000008,South East,2020-06-30,484
E12000008,South East,2021-06-30,487
E12000008,South East,2022-06-30,493
E12000008,South East,2023-06-30,500
E12000008,South East,2024-06-30,506
E12000009,South West,1991-06-30,197
E12000009,South West,1992-06-30,198
E12000009,South West,1993-06-30,199
E12000009,South West,1994-06-30,200
E12000009,South West,1995-06-30,201
E12000009,South West,1996-06-30,201
E12000009,South West,1997-06-30,203
E12000009,South West,1998-06-30,203
E12000009,South West,1999-06-30,205
E12000009,South West,2000-06-30,206
E12000009,South West,2001-06-30,207
E12000009,South West,2002-06-30,209
E12000009,South West,2003-06-30,210
E12000009,South West,2004-06-30,211
E12000009,South West,2005-06-30,213
E12000009,South West,2006-06-30,215
E12000009,South West,2007-06-30,217
E12000009,South West,2008-06-30,218
E12000009,South West,2009-06-30,219
E12000009,South West,2010-06-30,221
E12000009,South West,2011-06-30,222
E12000009,South West,2012-06-30,224
E12000009,South West,2013-06-30,225
E12000009,South West,2014-06-30,227
E12000009,South West,2015-06-30,230
E12000009,South West,2016-06-30,232
E12000009,South West,2017-06-30,234
E12000009,South West,2018-06-30,235
E12000009,South West,2019-06-30,237
E12000009,South West,2020-06-30,238
E12000009,South West,2021-06-30,240
E12000009,South West,2022-06-30,242
E12000009,South West,2023-06-30,245
E12000009,South West,2024-06-30,247
K02000001,United Kingdom,1991-06-30,237
K02000001,United Kingdom,1992-06-30,237
K02000001,United Kingdom,1993-06-30,238
K02000001,United Kingdom,1994-06-30,238
K02000001,United Kingdom,1995-06-30,239
K02000001,United Kingdom,1996-06-30,240
K02000001,United Kingdom,1997-06-30,240
K02000001,United Kingdom,1998-06-30,241
K02000001,United Kingdom,1999-06-30,242
K02000001,United Kingdom,2000-06-30,243
K02000001,United Kingdom,2001-06-30,244
K02000001,United Kingdom,2002-06-30,245
K02000001,United Kingdom,2003-06-30,246
K02000001,United Kingdom,2004-06-30,247
K02000001,United Kingdom,2005-06-30,249
K02000001,United Kingdom,2006-06-30,251
K02000001,United Kingdom,2007-06-30,253
K02000001,United Kingdom,2008-06-30,255
K02000001,United Kingdom,2009-06-30,256
K02000001,United Kingdom,2010-06-30,259
K02000001,United Kingdom,2011-06-30,261
K02000001,United Kingdom,2012-06-30,262
K02000001,United Kingdom,2013-06-30,264
K02000001,United Kingdom,2014-06-30,266
K02000001,United Kingdom,2015-06-30,268
K02000001,United Kingdom,2016-06-30,270
K02000001,United Kingdom,2017-06-30,272
K02000001,United Kingdom,2018-06-30,273
K02000001,United Kingdom,2019-06-30,274
K02000001,United Kingdom,2020-06-30,275
K02000001,United Kingdom,2021-06-30,276
K02000001,United Kingdom,2022-06-30,279
K02000001,United Kingdom,2023-06-30,282
K02000001,United Kingdom,2024-06-30,285
N92000002,Northern Ireland,1991-06-30,117
N92000002,Northern Ireland,1992-06-30,118
N92000002,Northern Ireland,1993-06-30,119
N92000002,Northern Ireland,1994-06-30,119
N92000002,Northern Ireland,1995-06-30,120
N92000002,Northern Ireland,1996-06-30,120
N92000002,Northern Ireland,1997-06-30,121
N92000002,Northern Ireland,1998-06-30,122
N92000002,Northern Ireland,1999-06-30,122
N92000002,Northern Ireland,2000-06-30,122
N92000002,Northern Ireland,2001-06-30,122
N92000002,Northern Ireland,2002-06-30,123
N92000002,Northern Ireland,2003-06-30,124
N92000002,Northern Ireland,2004-06-30,124
N92000002,Northern Ireland,2005-06-30,125
N92000002,Northern Ireland,2006-06-30,126
N92000002,Northern Ireland,2007-06-30,128
N92000002,Northern Ireland,2008-06-30,129
N92000002,Northern Ireland,2009-06-30,130
N92000002,Northern Ireland,2010-06-30,131
N92000002,Northern Ireland,2011-06-30,132
N92000002,Northern Ireland,2012-06-30,132
N92000002,Northern Ireland,2013-06-30,133
N92000002,Northern Ireland,2014-06-30,134
N92000002,Northern Ireland,2015-06-30,134
N92000002,Northern Ireland,2016-06-30,135
N92000002,Northern Ireland,2017-06-30,136
N92000002,Northern Ireland,2018-06-30,137
N92000002,Northern Ireland,2019-06-30,138
N92000002,Northern Ireland,2020-06-30,138
N92000002,Northern Ireland,2021-06-30,138
N92000002,Northern Ireland,2022-06-30,139
N92000002,Northern Ireland,2023-06-30,139
N92000002,Northern Ireland,2024-06-30,140
S92000003,Scotland,1991-06-30,65
S92000003,Scotland,1992-06-30,65
S92000003,Scotland,1993-06-30,65
S92000003,Scotland,1994-06-30,65
S92000003,Scotland,1995-06-30,66
S92000003,Scotland,1996-06-30,65
S92000003,Scotland,1997-06-30,65
S92000003,Scotland,1998-06-30,65
S92000003,Scotland,1999-06-30,65
S92000003,Scotland,2000-06-30,65
S92000003,Scotland,2001-06-30,65
S92000003,Scotland,2002-06-30,65
S92000003,Scotland,2003-06-30,65
S92000003,Scotland,2004-06-30,65
S92000003,Scotland,2005-06-30,66
S92000003,Scotland,2006-06-30,66
S92000003,Scotland,2007-06-30,66
S92000003,Scotland,2008-06-30,67
S92000003,Scotland,2009-06-30,67
S92000003,Scotland,2010-06-30,68
S92000003,Scotland,2011-06-30,68
S92000003,Scotland,2012-06-30,68
S92000003,Scotland,2013-06-30,68
S92000003,Scotland,2014-06-30,68
S92000003,Scotland,2015-06-30,69
S92000003,Scotland,2016-06-30,69
S92000003,Scotland,2017-06-30,69
S92000003,Scotland,2018-06-30,69
S92000003,Scotland,2019-06-30,69
S92000003,Scotland,2020-06-30,69
S92000003,Scotland,2021-06-30,69
S92000003,Scotland,2022-06-30,70
S92000003,Scotland,2023-06-30,71
S92000003,Scotland,2024-06-30,71
W92000004,Wales,1991-06-30,139
W92000004,Wales,1992-06-30,139
W92000004,Wales,1993-06-30,139
W92000004,Wales,1994-06-30,139
W92000004,Wales,1995-06-30,139
W92000004,Wales,1996-06-30,139
W92000004,Wales,1997-06-30,140
W92000004,Wales,1998-06-30,140
W92000004,Wales,1999-06-30,140
W92000004,Wales,2000-06-30,140
W92000004,Wales,2001-06-30,140
W92000004,Wales,2002-06-30,141
W92000004,Wales,2003-06-30,142
W92000004,Wales,2004-06-30,143
W92000004,Wales,2005-06-30,143
W92000004,Wales,2006-06-30,144
W92000004,Wales,2007-06-30,145
W92000004,Wales,2008-06-30,146
W92000004,Wales,2009-06-30,147
W92000004,Wales,2010-06-30,147
W92000004,Wales,2011-06-30,148
W92000004,Wales,2012-06-30,148
W92000004,Wales,2013-06-30,148
W92000004,Wales,2014-06-30,148
W92000004,Wales,2015-06-30,148
W92000004,Wales,2016-06-30,148
W92000004,Wales,2017-06-30,149
W92000004,Wales,2018-06-30,149
W92000004,Wales,2019-06-30,149
W92000004,Wales,2020-06-30,150
W92000004,Wales,2021-06-30,150
W92000004,Wales,2022-06-30,151
W92000004,Wales,2023-06-30,153
W92000004,Wales,2024-06-30,154